ABCD. Arquivos Brasileiros de Cirurgia Digestiva (São Paulo)|Arq Bras Cir Dig|ABCD, arq. bras. cir. dig.|abcd|0102-6720|0102-6720||Colégio Brasileiro de Cirurgia Digestiva
Acta Amazonica||Acta Amaz.|aa|0044-5967|0044-5967||Instituto Nacional de Pesquisas da Amazônia
Acta Botanica Brasilica||Acta Bot. Bras.|abb|0102-3306|0102-3306||Sociedade Botânica do Brasil
Acta Cirurgica Brasileira|Acta Cir Bras|Acta Cir. Bras.|acb|0102-8650|0102-8650|1678-2674|Sociedade Brasileira para o Desenvolvimento da Pesquisa em Cirurgia
Acta Limnologica Brasiliensia||Acta Limnol. Bras.|alb|2179-975X||2179-975X|Associação Brasileira de Limnologia
Acta Ortopédica Brasileira|Acta Ortop Bras|Acta ortop. bras.|aob|1413-7852|1413-7852||Sociedade Brasileira de Ortopedia e Traumatologia
Acta Paulista de Enfermagem||Acta paul. enferm.|ape|0103-2100|0103-2100|1982-0194|Escola Paulista de Enfermagem, Universidade Federal de São Paulo
Acta Scientiarum. Agronomy||Acta Sci., Agron.|asagr|1807-8621||1807-8621|Editora da Universidade Estadual de Maringá - EDUEM
Acta Scientiarum. Animal Sciences||Acta Sci., Anim. Sci.|asas|1807-8672||1807-8672|Editora da Universidade Estadual de Maringá - EDUEM
Afro-Ásia||Afro-Ásia|afro|0002-0591|0002-0591||Universidade Federal da Bahia
Alea : Estudos Neolatinos||Alea|alea|1517-106X|1517-106X||Programa de Pos-Graduação em Letras Neolatinas, Faculdade de Letras -UFRJ
Alfa : Revista de Linguística (São José do Rio Preto)||Alfa, rev. linguíst. (São José Rio Preto)|alfa|1981-5794||1981-5794|Universidade Estadual Paulista Júlio de Mesquita Filho
Ambiente & Sociedade||Ambient. soc.|asoc|1414-753X|1414-753X|1809-4422|ANPPAS - Revista Ambiente e Sociedade
Ambiente Construído||Ambient. constr.|ac|1678-8621||1678-8621|Associação Nacional de Tecnologia do Ambiente Construído - ANTAC
Anais Brasileiros de Dermatologia|An Bras Dermatol|An. Bras. Dermatol.|abd|0365-0596|0365-0596|1806-4841|Sociedade Brasileira de Dermatologia
Anais da Academia Brasileira de Ciências|An Acad Bras Cienc|An. Acad. Bras. Ciênc.|aabc|0001-3765|0001-3765||Academia Brasileira de Ciências
Anais da Escola Superior de Agricultura Luiz de Queiroz||An. Esc. Super. Agric. Luiz de Queiroz|aesalq|0071-1276|0071-1276||Universidade de São Paulo-Escola Superior de Agricultura
Anais da Sociedade Entomológica do Brasil||An. Soc. Entomol. Bras.|aseb|0301-8059|0301-8059||Sociedade Entomológica do Brasil
Anais do Museu Paulista: História e Cultura Material||An. mus. paul.|anaismp|0101-4714|0101-4714||Museu Paulista, Universidade de São Paulo
Archives of Clinical Psychiatry (São Paulo)||Arch. Clin. Psychiatry (São Paulo)|rpc|0101-6083|0101-6083||Faculdade de Medicina da Universidade de São Paulo
Archives of Endocrinology and Metabolism||Arch. Endocrinol. Metab.|aem|2359-3997|2359-3997|2359-4292|Sociedade Brasileira de Endocrinologia e Metabologia
Arquivo Brasileiro de Medicina Veterinária e Zootecnia||Arq. Bras. Med. Vet. Zootec.|abmvz|0102-0935|0102-0935||Universidade Federal de Minas Gerais, Escola de Veterinária
Arquivos Brasileiros de Cardiologia|Arq Bras Cardiol|Arq. Bras. Cardiol.|abc|0066-782X|0066-782X||Sociedade Brasileira de Cardiologia - SBC
Arquivos Brasileiros de Endocrinologia & Metabologia|Arq Bras Endocrinol Metabol.|Arq Bras Endocrinol Metab|abem|0004-2730|0004-2730||Sociedade Brasileira de Endocrinologia e Metabologia
Arquivos Brasileiros de Oftalmologia|Arq Bras Oftalmol|Arq. Bras. Oftalmol.|abo|0004-2749|0004-2749||Conselho Brasileiro de Oftalmologia
Arquivos de Gastroenterologia|Arq Gastroenterol|Arq. Gastroenterol.|ag|0004-2803|0004-2803||Instituto Brasileiro de Estudos e Pesquisas de Gastroenterologia - IBEPEGE-Colégio Brasileiro de Cirurgia Digestiva - CBCD-Sociedade Brasileira de Motilidade Digestiva - SBMD-Federação Brasileira de Gastroenterologia - FBG-Sociedade Brasileira de Hepatologia - SBH-Sociedade Brasileira de Endoscopia Digestiva - SOBED
Arquivos de Neuro-Psiquiatria|Arq Neuropsiquiatr|Arq. Neuro-Psiquiatr.|anp|0004-282X|0004-282X||Academia Brasileira de Neurologia - ABNEURO
Arquivos do Instituto Biológico||Arq. Inst. Biol.|aib|1808-1657||1808-1657|Instituto Biológico
Arquivos Internacionais de Otorrinolaringologia||Arquivos Int. Otorrinolaringol.|aio|1809-4872|1809-4872||Fundação Otorrinolaringologia
ARS (São Paulo)||ARS (São Paulo)|ars|1678-5320|1678-5320||Escola de Comunicações e Artes da Universidade de São Paulo
Audiology - Communication Research||Audiol., Commun. Res.|acr|2317-6431||2317-6431|Academia Brasileira de Audiologia
Avaliação: Revista da Avaliação da Educação Superior (Campinas)||Avaliação (Campinas)|aval|1414-4077|1414-4077||Universidade de Sorocaba
Bakhtiniana: Revista de Estudos do Discurso||Bakhtiniana, Rev. Estud. Discurso|bak|2176-4573||2176-4573|LAEL/PUC-SP (Programa de Estudos Pós-Graduados em Linguística Aplicada e Estudos da Linguagem da Pontifícia Universidade Católica de São Paulo)
BAR - Brazilian Administration Review||BAR, Braz. Adm. Rev.|bar|1807-7692||1807-7692|ANPAD - Associação Nacional de Pós-Graduação e Pesquisa em Administração
Biota Neotropica||Biota Neotrop.|bn|1676-0603||1676-0603|Instituto Virtual da Biodiversidade | BIOTA - FAPESP
Bolema: Boletim de Educação Matemática||Bolema|bolema|0103-636X|0103-636X||UNESP - Universidade Estadual Paulista, Pró-Reitoria de Pesquisa-Programa de Pós-Graduação em Educação Matemática
Boletim de Ciências Geodésicas||Bol. Ciênc. Geod.|bcg|1982-2170||1982-2170|Universidade Federal do Paraná
Boletim do Instituto Oceanográfico||Bol. Inst. Oceanogr.|bioce|0373-5524|0373-5524||Instituto Oceanográfico da Universidade de São Paulo
Boletim do Instituto Paulista de Oceanografia||Bol. Inst. Paul. Oceanogr.|bipoce|0100-4239|0100-4239||Instituto Oceanográfico da Universidade de São Paulo
Boletim do Museu Paraense Emílio Goeldi. Ciências Humanas||Bol. Mus. Para. Emílio Goeldi. Ciênc. hum.|bgoeldi|1981-8122|1981-8122||MCTI/Museu Paraense Emílio Goeldi
Bragantia||Bragantia|brag|0006-8705|0006-8705|1678-4499|Instituto Agronômico de Campinas
Brazilian Archives of Biology and Technology||Braz. arch. biol. technol.|babt|1516-8913|1516-8913||Instituto de Tecnologia do Paraná - Tecpar
Brazilian Dental Journal|Braz Dent J|Braz. Dent. J.|bdj|0103-6440|0103-6440||Fundação Odontológica de Ribeirão Preto
Brazilian Journal of Biology|Braz J Biol.|Braz. J. Biol.|bjb|1519-6984|1519-6984||Instituto Internacional de Ecologia
Brazilian Journal of Botany||Braz. J. Bot.|rbb|0100-8404|0100-8404|1806-9959|Sociedade Botânica de São Paulo
Brazilian Journal of Chemical Engineering||Braz. J. Chem. Eng.|bjce|0104-6632|0104-6632||Brazilian Society of Chemical Engineering
Brazilian Journal of Food Technology||Braz. J. Food Technol.|bjft|1981-6723||1981-6723|Instituto de Tecnologia de Alimentos - ITAL
Brazilian Journal of Genetics||Braz. J. Genet.|bjg|0100-8455|0100-8455||Sociedade Brasileira de Genética
Brazilian Journal of Geology||Braz. J. Geol.|bjgeo|2317-4889|2317-4889||Sociedade Brasileira de Geologia
Brazilian Journal of Infectious Diseases|Braz J Infect Dis|Braz J Infect Dis|bjid|1413-8670|1413-8670||Brazilian Society of Infectious Diseases
Brazilian Journal of Medical and Biological Research|Braz J Med Biol Res|Braz J Med Biol Res|bjmbr|0100-879X|0100-879X|1414-431X|Associação Brasileira de Divulgação Científica
Brazilian Journal of Microbiology||Braz. J. Microbiol.|bjm|1517-8382|1517-8382||Sociedade Brasileira de Microbiologia
Brazilian Journal of Oceanography||Braz. j. oceanogr.|bjoce|1679-8759|1679-8759|1982-436X|Universidade de São Paulo, Instituto Oceanográfico
Brazilian Journal of Oral Sciences||Braz. J. Oral Sci.|bjos|1677-3225||1677-3225|Faculdade de Odontologia de Piracicaba - UNICAMP
Brazilian Journal of Otorhinolaryngology|Braz J Otorhinolaryngol|Braz. j. otorhinolaryngol.|bjorl|1808-8694|1808-8694||Associação Brasileira de Otorrinolaringologia e Cirurgia Cervicofacial
Brazilian Journal of Pharmaceutical Sciences||Braz. J. Pharm. Sci.|bjps|1984-8250|1984-8250||Universidade de São Paulo, Faculdade de Ciências Farmacêuticas
Brazilian Journal of Physical Therapy||Braz. J. Phys. Ther.|rbfis|1413-3555|1413-3555||Associação Brasileira de Pesquisa e Pós-Graduação em Fisioterapia
Brazilian Journal of Physics||Braz. J. Phys.|bjp|0103-9733|0103-9733||Sociedade Brasileira de Física
Brazilian Journal of Plant Physiology||Braz. J. Plant Physiol.|bjpp|1677-0420|1677-0420||Brazilian Journal of Plant Physiology
Brazilian Journal of Veterinary Research and Animal Science||Braz. J. Vet. Res. Anim. Sci.|bjvras|1413-9596|1413-9596||Faculdade de Medicina Veterinária e Zootecnia / Universidade de São Paulo
Brazilian Oral Research|Braz. oral res|Braz. oral res.|bor|1806-8324|1806-8324|1807-3107|Sociedade Brasileira de Pesquisa Odontológica - SBPqO
Brazilian Political Science Review||Bras. Political Sci. Rev.|bpsr|1981-3821||1981-3821|Associação Brasileira de Ciência Política
Caderno CRH||Cad. CRH|ccrh|0103-4979|0103-4979||Universidade Federal da Bahia - Faculdade de Filosofia e Ciências Humanas - Centro de Recursos Humanos
Caderno de Estudos||Cad. estud.|cest|1413-9251|1413-9251||Fundação Instituto de Pesquisas Contábeis, Atuariais e Financeiras
Cadernos CEDES||Cad. CEDES|ccedes|0101-3262|0101-3262||Centro de Estudos Educação e Sociedade
Cadernos de Pesquisa||Cad. Pesqui.|cp|0100-1574|0100-1574||Fundação Carlos Chagas
Cadernos de Saúde Pública|Cad Saude Publica|Cad. Saúde Pública|csp|0102-311X|0102-311X||Escola Nacional de Saúde Pública Sergio Arouca, Fundação Oswaldo Cruz
Cadernos EBAPE.BR||Cad. EBAPE.BR|cebape|1679-3951||1679-3951|Fundação Getulio Vargas, Escola Brasileira de Administração Pública e de Empresas
Cadernos Metrópole||Cad. Metrop.|cm|2236-9996||2236-9996|EDUC - Editora da Pontifícia Universidade Católica de São Paulo
Cadernos Nietzsche||Cad. Nietzsche|cniet|2316-8242||2316-8242|Grupo de Estudos Nietzsche
Cadernos Pagu||Cad. Pagu|cpa|0104-8333|0104-8333||Núcleo de Estudos de Gênero - Pagu
Cadernos Saúde Coletiva||Cad. saúde colet.|cadsc|1414-462X|1414-462X||Instituto de Estudos em Saúde Coletiva da Universidade Federal do Rio de Janeiro
CERNE||CERNE|cerne|0104-7760|0104-7760||UFLA - Universidade Federal de Lavras
Cerâmica||Cerâmica|ce|0366-6913|0366-6913||Associação Brasileira de Cerâmica
Ciência & Educação (Bauru)||Ciênc. educ. (Bauru)|ciedu|1516-7313|1516-7313|1980-850X|Programa de Pós-Graduação em Educação para a Ciência, Universidade Estadual Paulista (UNESP), Faculdade de Ciências, campus de Bauru.
Ciência & Saúde Coletiva|Cien Saude Colet|Ciênc. saúde coletiva|csc|1413-8123|1413-8123||ABRASCO - Associação Brasileira de Saúde Coletiva
Ciência Animal Brasileira||Ciênc. anim. bras.|cab|1809-6891||1809-6891|Universidade Federal de Goiás
Ciência da Informação||Ci. Inf.|ci|0100-1965|0100-1965||IBICT
Ciência e Agrotecnologia||Ciênc. agrotec.|cagro|1413-7054|1413-7054||Editora da Universidade Federal de Lavras
Ciência Florestal||Ciênc. Florest.|cflo|1980-5098||1980-5098|Universidade Federal de Santa Maria
Ciência Rural||Cienc. Rural|cr|0103-8478|0103-8478||Universidade Federal de Santa Maria
Clinics|Clinics (Sao Paulo)|Clinics|clin|1807-5932|1807-5932||Faculdade de Medicina / USP
CoDAS|Codas|CoDAS|codas|2317-1782||2317-1782|Sociedade Brasileira de Fonoaudiologia
Coluna/Columna||Coluna/Columna|coluna|1808-1851|1808-1851||Sociedade Brasileira de Coluna
Computational & Applied Mathematics||Comput. Appl. Math.|cam|1807-0302||1807-0302|Sociedade Brasileira de Matemática Aplicada e Computacional
Contexto Internacional||Contexto int.|cint|0102-8529|0102-8529||Pontifícia Universidade Católica do Rio de Janeiro, Instituto de Relações Internacionais
Crop Breeding and Applied Biotechnology||Crop Breed. Appl. Biotechnol.|cbab|1984-7033||1984-7033|Crop Breeding and Applied Biotechnology
Dados||Dados|dados|0011-5258|0011-5258||Instituto de Estudos Sociais e Políticos (IESP) da Universidade do Estado do Rio de Janeiro (UERJ)
DELTA: Documentação de Estudos em Lingüística Teórica e Aplicada||DELTA|delta|0102-4450|0102-4450||Pontifícia Universidade Católica de São Paulo - PUC-SP
Dental Press Journal of Orthodontics|Dental Press J Orthod|Dental Press J. Orthod.|dpjo|2176-9451|2176-9451|2177-6709|Dental Press International
Eclética Química||Eclet. Quím.|eq|0100-4670|0100-4670||Fundação Editora da Universidade Estadual Paulista Júlio de Mesquita Filho - UNESP
Economia Aplicada||Econ. Apl.|ecoa|1413-8050|1413-8050||Faculdade de Economia, Administração e Contabilidade de Ribeirão Preto da Universidade de São Paulo
Economia e Sociedade||Econ. soc.|ecos|0104-0618|0104-0618||Instituto de Economia da Universidade Estadual de Campinas
Educar em Revista||Educ. rev.|er|0104-4060|0104-4060||Setor de Educação da Universidade Federal do Paraná
Educação & Realidade||Educ. Real.|edreal|2175-6236||2175-6236|Universidade Federal do Rio Grande do Sul - Faculdade de Educação
Educação & Sociedade||Educ. Soc.|es|0101-7330|0101-7330||Centro de Estudos Educação e Sociedade - Cedes
Educação e Pesquisa||Educ. Pesqui.|ep|1517-9702|1517-9702||Faculdade de Educação da Universidade de São Paulo
Educação em Revista||Educ. rev.|edur|0102-4698|0102-4698||Faculdade de Educação da Universidade Federal de Minas Gerais
Einstein (São Paulo)|Einstein (Sao Paulo)|Einstein (São Paulo)|eins|1679-4508|1679-4508|2317-6385|Instituto Israelita de Ensino e Pesquisa Albert Einstein
Engenharia Agrícola||Eng. Agríc.|eagri|0100-6916|0100-6916|1809-4430|Associação Brasileira de Engenharia Agrícola
Engenharia Sanitaria e Ambiental||Eng. Sanit. Ambient.|esa|1413-4152|1413-4152||Associação Brasileira de Engenharia Sanitária e Ambiental - ABES
Ensaio Pesquisa em Educação em Ciências (Belo Horizonte)||Ens. Pesqui. Educ. Ciênc. (Belo Horizonte)|epec|1983-2117||1983-2117|Faculdade de Educação da Universidade Federal de Minas Gerais
Ensaio: Avaliação e Políticas Públicas em Educação||Ensaio: aval.pol.públ.Educ.|ensaio|0104-4036|0104-4036||Fundação CESGRANRIO
Entomología y Vectores||Entomol. vectores|ev|0328-0381|0328-0381||Editora Gama Filho
Epidemiologia e Serviços de Saúde||Epidemiol. Serv. Saúde|ress|2237-9622||2237-9622|Secretaria de Vigilância em Saúde - Ministério da Saúde do Brasil
Escola Anna Nery||Esc. Anna Nery|ean|1414-8145|1414-8145||Universidade Federal do Rio de Janeiro
Estudos Afro-Asiáticos||Estud. afro-asiát.|eaa|0101-546X|0101-546X||Universidade Cândido Mendes
Estudos Avançados||Estud. av.|ea|0103-4014|0103-4014||Instituto de Estudos Avançados da Universidade de São Paulo
Estudos de Literatura Brasileira Contemporânea||Estud. Lit. Bras. Contemp.|elbc|2316-4018|2316-4018||Grupo de Estudos em Literatura Brasileira Contemporânea-Programa de Pós-Graduação em Literatura da Universidade de Brasília (UnB)
Estudos de Psicologia (Campinas)||Estud. psicol. (Campinas)|estpsi|0103-166X|0103-166X||Programa de Pós-Graduação em Psicologia, Pontifícia Universidade Católica de Campinas
Estudos de Psicologia (Natal)||Estud. psicol. (Natal)|epsic|1413-294X|1413-294X||Programa de Pós-graduação em Psicologia, Universidade Federal do Rio Grande do Norte
Estudos Econômicos (São Paulo)||Estud. Econ.|ee|0101-4161|0101-4161||Fundação Instituto de Pesquisas Econômicas - FIPE
Estudos Históricos (Rio de Janeiro)||Estud. hist. (Rio J.)|eh|0103-2186|0103-2186||Centro de Pesquisa e Documentação de História Contemporânea do Brasil da Fundação Getúlio Vargas
Fisioterapia e Pesquisa||Fisioter. Pesqui.|fp|1809-2950|1809-2950||Universidade de São Paulo
Fisioterapia em Movimento||Fisioter. mov.|fm|0103-5150|0103-5150||Pontifícia Universidade Católica do Paraná
Fitopatologia Brasileira||Fitopatol. bras.|fb|0100-4158|0100-4158||Sociedade Brasileira de Fitopatologia
Floresta e Ambiente||Floresta Ambient.|floram|2179-8087||2179-8087|Instituto de Florestas da Universidade Federal Rural do Rio de Janeiro
Food Science and Technology (Campinas)||Food Sci. Technol (Campinas)|cta|0101-2061|0101-2061|1678-457X|Sociedade Brasileira de Ciência e Tecnologia de Alimentos
Fractal : Revista de Psicologia||Fractal, Rev. Psicol.|fractal|1984-0292||1984-0292|Universidade Federal Fluminense, Departamento de Psicologia
Galáxia (São Paulo)||Galáxia (São Paulo)|gal|1982-2553||1982-2553|Programa de Estudos Pós-graduados em Comunicação e Semiótica - PUC-SP
Genetics and Molecular Biology||Genet. Mol. Biol.|gmb|1415-4757|1415-4757||Sociedade Brasileira de Genética
Gestão & Produção||Gest. Prod.|gp|0104-530X|0104-530X||Universidade Federal de São Carlos
História (São Paulo)||História|his|0101-9074|0101-9074|1980-4369|Universidade Estadual Paulista Julio de Mesquita Filho
História da Educação||Hist. Educ.|heduc|2236-3459||2236-3459|Associação Sul-Rio-Grandense de Pesquisadores em História da Educação
História, Ciências, Saúde-Manguinhos|Hist Cienc Saude Manguinhos|Hist. cienc. saude-Manguinhos|hcsm|0104-5970|0104-5970||Casa de Oswaldo Cruz, Fundação Oswaldo Cruz
Hoehnea||Hoehnea|hoehnea|2236-8906||2236-8906|Instituto de Botânica
Horizontes Antropológicos||Horiz. antropol.|ha|0104-7183|0104-7183||Programa de Pós-Graduação em Antropologia Social - IFCH-UFRGS
Horticultura Brasileira||Hortic. Bras.|hb|0102-0536|0102-0536||Associação Brasileira de Horticultura
Iheringia. Série Zoologia||Iheringia, Sér. Zool.|isz|0073-4721|0073-4721||Fundação Zoobotânica do Rio Grande do Sul
Ilha do Desterro||Ilha Desterro|ides|2175-8026||2175-8026|Universidade Federal de Santa Catarina
Interações (Campo Grande)||Interações (Campo Grande)|inter|1518-7012|1518-7012||Universidade Católica Dom Bosco
Intercom: Revista Brasileira de Ciências da Comunicação||Intercom, Rev. Bras. Ciênc. Comun.|interc|1809-5844|1809-5844||Sociedade Brasileira de Estudos Interdisciplinares da Comunicação (INTERCOM)
Interface - Comunicação, Saúde, Educação||Interface (Botucatu)|icse|1414-3283|1414-3283|1807-5762|UNESP
International Archives of Otorhinolaryngology||Int. Arch. Otorhinolaryngol.|iao|1809-4864|1809-9777|1809-4864|Fundação Otorrinolaringologia
International braz j urol|int j urol|Int. braz j urol.|ibju|1677-5538|1677-5538||Sociedade Brasileira de Urologia
JISTEM - Journal of Information Systems and Technology Management||JISTEM J.Inf.Syst. Technol. Manag.|jistm|1807-1775||1807-1775|TECSI Laboratório de Tecnologia e Sistemas de Informação - FEA/USP
Jornal Brasileiro de Nefrologia|J Bras Nefrol|J. Bras. Nefrol.|jbn|0101-2800|0101-2800||Sociedade Brasileira de Nefrologia
Jornal Brasileiro de Patologia e Medicina Laboratorial||J. Bras. Patol. Med. Lab.|jbpml|1676-2444|1676-2444||Sociedade Brasileira de Patologia Clínica-Sociedade Brasileira de Patologia-Sociedade Brasileira de Citopatologia
Jornal Brasileiro de Pneumologia|J Bras Pneumol|J. bras. pneumol.|jbpneu|1806-3713|1806-3713||Sociedade Brasileira de Pneumologia e Tisiologia
Jornal Brasileiro de Psiquiatria|J Bras Psiquiatr|J. bras. psiquiatr.|jbpsiq|0047-2085|0047-2085||Instituto de Psiquiatria da Universidade Federal do Rio de Janeiro
Jornal da Sociedade Brasileira de Fonoaudiologia||J. Soc. Bras. Fonoaudiol.|jsbf|2179-6491||2179-6491|Sociedade Brasileira de Fonoaudiologia
Jornal de Pediatria|J Pediatr (Rio J)|J. Pediatr. (Rio J.)|jped|0021-7557|0021-7557||Sociedade Brasileira de Pediatria
Jornal de Pneumologia||J. Pneumologia|jpneu|0102-3586|0102-3586||Sociedade Brasileira de Pneumologia e Tisiologia
Jornal Vascular Brasileiro||J. vasc. bras.|jvb|1677-5449|1677-5449||Sociedade Brasileira de Angiologia e de Cirurgia Vascular (SBACV)
Journal of Applied Oral Science|J Appl Oral Sci|J. Appl. Oral Sci.|jaos|1678-7757|1678-7757||Faculdade De Odontologia De Bauru - USP
Journal of Coloproctology (Rio de Janeiro)||J. Coloproctol. (Rio J.)|jcol|2237-9363|2237-9363||Sociedade Brasileira de Coloproctologia
Journal of Epilepsy and Clinical Neurophysiology||J. epilepsy clin. neurophysiol.|jecn|1676-2649|1676-2649||Liga Brasileira de Epilepsia (LBE)
Journal of Microwaves, Optoelectronics and Electromagnetic Applications||J. Microw. Optoelectron. Electromagn. Appl.|jmoea|2179-1074||2179-1074|Sociedade Brasileira de Microondas e Optoeletrônica e Sociedade Brasileira de Eletromagnetismo
Journal of Seed Science||J. Seed Sci.|jss|2317-1537|2317-1537||ABRATES - Associação Brasileira de Tecnologia de Sementes
Journal of the Brazilian Chemical Society||J. Braz. Chem. Soc.|jbchs|0103-5053|0103-5053||Sociedade Brasileira de Química
Journal of the Brazilian Computer Society||J. Braz. Comp. Soc.|jbcos|0104-6500|0104-6500||Sociedade Brasileira de Computação
Journal of the Brazilian Society of Mechanical Sciences||J. Braz. Soc. Mech. Sci.|jbsms|0100-7386|0100-7386||The Brazilian Society of Mechanical Sciences
Journal of the Brazilian Society of Mechanical Sciences and Engineering||J. Braz. Soc. Mech. Sci. & Eng.|jbsmse|1678-5878|1678-5878||Associação Brasileira de Engenharia e Ciências Mecânicas - ABCM
Journal of Transport Literature||J. Transp. Lit.|jtl|2238-1031||2238-1031|Sociedade Brasileira de Planejamento dos Transportes
Journal of Venomous Animals and Toxins||J. Venom. Anim. Toxins|jvat|0104-7930|||Centro de Estudos de Venenos e Animais Peçonhentos - CEVAP, Universidade Estadual Paulista - UNESP
Journal of Venomous Animals and Toxins including Tropical Diseases|J Venom Anim Toxins Incl Trop Dis|J. Venom. Anim. Toxins incl. Trop. Dis|jvatitd|1678-9199||1678-9199|Centro de Estudos de Venenos e Animais Peçonhentos - CEVAP, Universidade Estadual Paulista - UNESP
Kriterion: Revista de Filosofia||Kriterion|kr|0100-512X|0100-512X||Faculdade de Filosofia e Ciências Humanas da UFMG
Latin American Journal of Solids and Structures||Lat. Am. j. solids struct.|lajss|1679-7825||1679-7825|Associação Brasileira de Ciências Mecânicas
Linguagem em (Dis)curso||Ling. (dis)curso|ld|1518-7632|1518-7632||Universidade do Sul de Santa Catarina
Lua Nova: Revista de Cultura e Política||Lua Nova|ln|0102-6445|0102-6445||CEDEC
Machado de Assis em Linha||Machado Assis Linha|mael|1983-6821||1983-6821|Fundação Casa de Rui Barbosa
Mana||Mana|mana|0104-9313|0104-9313||Programa de Pós-Graduação em Antropologia Social - PPGAS-Museu Nacional, da Universidade Federal do Rio de Janeiro - UFRJ
Manuscrito||Manuscrito|man|0100-6045|0100-6045||UNICAMP - Universidade Estadual de Campinas, Centro de Lógica, Epistemologia e História da Ciência
Materials Research||Mat. Res.|mr|1516-1439|1516-1439||ABM, ABC, ABPol
Matéria (Rio de Janeiro)||Matéria (Rio J.)|rmat|1517-7076||1517-7076|Rede Latino-Americana de Materiais
Memórias do Instituto Oswaldo Cruz|Mem Inst Oswaldo Cruz|Mem. Inst. Oswaldo Cruz|mioc|0074-0276|0074-0276||Instituto Oswaldo Cruz, Ministério da Saúde
Mercator (Fortaleza)||Mercator (Fortaleza)|mercator|1984-2201||1984-2201|Universidade Federal do Ceará
Motriz: Revista de Educação Física||Motriz: rev. educ. fis.|motriz|1980-6574||1980-6574|Universidade Estadual Paulista
Nauplius||Nauplius|nau|0104-6497|0104-6497||Sociedade Brasileira de Carcinologia
Neotropical Entomology||Neotrop. entomol.|ne|1519-566X|1519-566X||Sociedade Entomológica do Brasil
Neotropical Ichthyology||Neotrop. ichthyol.|ni|1679-6225|1679-6225||Sociedade Brasileira de Ictiologia
Nova Economia||Nova econ.|neco|0103-6351|0103-6351||Nova Economia
Novos Estudos - CEBRAP||Novos estud. - CEBRAP|nec|0101-3300|0101-3300||Centro Brasileiro de Análise e Planejamento
Opinião Pública||Opin. Publica|op|0104-6276|0104-6276||Centro de Estudos de Opiniao Publica da Universidade Estadual de Campinas
Organizações & Sociedade||Organ. Soc.|osoc|1984-9230||1984-9230|Escola de Administração da Universidade Federal da Bahia
Paidéia (Ribeirão Preto)||Paidéia (Ribeirão Preto)|paideia|0103-863X|0103-863X||Universidade de São Paulo, Faculdade de Filosofia Ciências e Letras de Ribeirão Preto
Pandaemonium Germanicum||Pandaemonium ger.|pg|1982-8837||1982-8837|Universidade de São Paulo/Faculdade de Filosofia, Letras e Ciências Humanas/-Programa de Pós-Graduação em Língua e Literatura Alemã
Papéis Avulsos de Zoologia (São Paulo)||Pap. Avulsos Zool. (São Paulo)|paz|0031-1049|0031-1049||Museu de Zoologia da Universidade de São Paulo
Per Musi||Per musi|pm|1517-7599|1517-7599||Escola de Música da UFMG
Perspectivas em Ciência da Informação||Perspect. ciênc. inf.|pci|1413-9936|1413-9936||Escola de Ciência da Informação da UFMG
Pesquisa Agropecuária Brasileira||Pesq. agropec. bras.|pab|0100-204X|0100-204X|1678-3921|Embrapa Informação Tecnológica-Pesquisa Agropecuária Brasileira
Pesquisa Agropecuária Tropical||Pesqui. Agropecu. Trop.|pat|1983-4063||1983-4063|Escola de Agronomia e Engenharia de Alimentos/UFG
Pesquisa Odontológica Brasileira|Pesqui Odontol Bras.|Pesqui. Odontol. Bras.|pob|1517-7491|1517-7491||Sociedade Brasileira de Pesquisa Odontológica e Faculdade de Odontologia da Universidade de São Paulo
Pesquisa Operacional||Pesqui. Oper.|pope|0101-7438|0101-7438||Sociedade Brasileira de Pesquisa Operacional
Pesquisa Veterinária Brasileira||Pesq. Vet. Bras.|pvb|0100-736X|0100-736X||Colégio Brasileiro de Patologia Animal - CBPA-Empresa Brasileira de Pesquisa Agropecuária (EMBRAPA)
Physis: Revista de Saúde Coletiva|Physis|Physis|physis|0103-7331|0103-7331||IMS-UERJ
Planta Daninha||Planta daninha|pd|0100-8358|0100-8358||Sociedade Brasileira da Ciência das Plantas Daninhas
Polímeros||Polímeros|po|0104-1428|0104-1428||Associação Brasileira de Polímeros
Pro-Posições||Pro-Posições|pp|0103-7307|0103-7307||UNICAMP - Faculdade de Educação
Production||Prod.|prod|0103-6513|0103-6513||Associação Brasileira de Engenharia de Produção
Pró-Fono Revista de Atualização Científica||Pró-Fono R. Atual. Cient.|pfono|0104-5687|0104-5687||Pró-Fono Produtos Especializados para Fonoaudiologia Ltda.
Psico-USF||Psico-USF|pusf|1413-8271|1413-8271||Universidade de São Francisco, Programa de Pós-Graduação Stricto Sensu em Psicologia
Psicologia & Sociedade||Psicol. Soc.|psoc|0102-7182|0102-7182|1807-0310|Associação Brasileira de Psicologia Social
Psicologia Clínica||Psicol. clin.|pc|0103-5665|0103-5665||Departamento de Psicologia da Pontifícia Universidade Católica do Rio de Janeiro
Psicologia em Estudo||Psicol. estud.|pe|1413-7372|1413-7372||Departamento de Psicologia - Universidade Estadual de Maringá
Psicologia Escolar e Educacional||Psicol. Esc. Educ.|pee|1413-8557|1413-8557|2175-3539|Associação Brasileira de Psicologia Escolar e Educacional (ABRAPEE)
Psicologia USP||Psicol. USP|pusp|0103-6564|0103-6564||Instituto de Psicologia da Universidade de São Paulo
Psicologia: Ciência e Profissão||Psicol. cienc. prof.|pcp|1414-9893|1414-9893||Conselho Federal de Psicologia
Psicologia: Reflexão e Crítica||Psicol. Reflex. Crit.|prc|0102-7972|0102-7972||Curso de Pós-Graduação em Psicologia da Universidade Federal do Rio Grande do Sul
Psicologia: Teoria e Pesquisa||Psic.: Teor. e Pesq.|ptp|0102-3772|0102-3772||Instituto de Psicologia, Universidade de Brasília
Psychology & Neuroscience||Psychol. Neurosci.|pn|1983-3288||1983-3288|Pontificia Universidade Católica do Rio de Janeiro-Universidade de Brasília-Universidade de São Paulo
Química Nova||Quím. Nova|qn|0100-4042|0100-4042||Sociedade Brasileira de Química
Radiologia Brasileira||Radiol Bras|rb|0100-3984|0100-3984||Colégio Brasileiro de Radiologia e Diagnóstico por Imagem
RAE eletrônica||RAE electron.|raeel|1676-5648||1676-5648|Fundação Getulio Vargas/Escola de Administração de Empresas de São Paulo
RAM. Revista de Administração Mackenzie||RAM, Rev. Adm. Mackenzie|ram|1678-6971||1678-6971|Universidade Presbiteriana Mackenzie
REAd. Revista Eletrônica de Administração (Porto Alegre)||REAd. Rev. eletrôn. adm. (Porto Alegre)|read|1413-2311||1413-2311|Escola de Administração da UFRGS
Religião & Sociedade||Relig. soc.|rs|0100-8587|0100-8587||Instituto de Estudos da Religião
Rem: Revista Escola de Minas||Rem: Rev. Esc. Minas|rem|0370-4467|0370-4467||Escola de Minas
REMHU : Revista Interdisciplinar da Mobilidade Humana||REMHU, Rev. Interdiscip. Mobil. Hum.|remhu|1980-8585|1980-8585||Centro Scalabriniano de Estudos Migratórios
Revista Ambiente & Água||Rev. Ambient. Água|ambiagua|1980-993X||1980-993X|Instituto de Pesquisas Ambientais em Bacias Hidrográficas
Revista Bioética||Rev. Bioét.|bioet|1983-8042|1983-8042||Conselho Federal de Medicina
Revista Brasileira de Anestesiologia|Rev Bras Anestesiol|Rev. Bras. Anestesiol.|rba|0034-7094|0034-7094||Sociedade Brasileira de Anestesiologia
Revista Brasileira de Biologia|Rev Bras Biol|Rev. Bras. Biol.|rbbio|0034-7108|0034-7108||Instituto Internacional de Ecologia
Revista Brasileira de Cardiologia Invasiva||Rev. Bras. Cardiol. Invasiva|rbci|2179-8397||2179-8397|Sociedade Brasileira de Hemodinâmica e Cardiologia Intervencionista - SBHCI
Revista Brasileira de Cineantropometria & Desempenho Humano||Rev. bras. cineantropom. desempenho hum.|rbcdh|1980-0037||1980-0037|Universidade Federal de Santa Catarina
Revista Brasileira de Cirurgia Cardiovascular|Rev Bras Cir Cardiovasc|Rev Bras Cir Cardiovasc|rbccv|0102-7638|0102-7638||Sociedade Brasileira de Cirurgia Cardiovascular
Revista Brasileira de Cirurgia Plástica||Rev. Bras. Cir. Plást.|rbcp|1983-5175|1983-5175||Sociedade Brasileira de Cirurgia Plástica
Revista Brasileira de Ciência Avícola||Rev. Bras. Cienc. Avic.|rbca|1516-635X|1516-635X||Fundação APINCO de Ciência e Tecnologia Avícolas
Revista Brasileira de Ciência do Solo||Rev. Bras. Ciênc. Solo|rbcs|0100-0683|0100-0683||Sociedade Brasileira de Ciência do Solo
Revista Brasileira de Ciência Política||Rev. Bras. Ciênc. Polít.|rbcpol|0103-3352|0103-3352||Universidade de Brasília. Instituto de Ciência Política
Revista Brasileira de Ciências do Esporte||Rev. Bras. Ciênc. Esporte|rbce|0101-3289|0101-3289|2179-3255|Colégio Brasileiro de Ciências do Esporte
Revista Brasileira de Ciências Farmacêuticas||Rev. Bras. Cienc. Farm.|rbcf|1516-9332|1516-9332||Divisão de Biblioteca e Documentação do Conjunto das Químicas da Universidade de São Paulo
Revista Brasileira de Ciências Sociais||Rev. bras. Ci. Soc.|rbcsoc|0102-6909|0102-6909||Associação Nacional de Pós-Graduação e Pesquisa em Ciências Sociais - ANPOCS
Revista Brasileira de Coloproctologia||Rev bras. colo-proctol.|rbc|0101-9880|0101-9880||Cidade Editora Científica Ltda
Revista Brasileira de Economia||Rev. Bras. Econ.|rbe|0034-7140|0034-7140||Fundação Getúlio Vargas
Revista Brasileira de Educação||Rev. Bras. Educ.|rbedu|1413-2478|1413-2478||Editora Autores Associados
Revista Brasileira de Educação Especial||Rev. bras. educ. espec.|rbee|1413-6538|1413-6538||Associação Brasileira de Pesquisadores em Educação Especial - ABPEE
Revista Brasileira de Educação Física e Esporte||Rev. bras. educ. fís. esporte|rbefe|1807-5509|1807-5509||Escola de Educação Física e Esporte da Universidade de São Paulo
Revista Brasileira de Educação Médica||Rev. bras. educ. med.|rbem|0100-5502|0100-5502||Associação Brasileira de Educação Médica
Revista Brasileira de Enfermagem|Rev Bras Enferm|Rev. Bras. Enferm.|reben|0034-7167|0034-7167||Associação Brasileira de Enfermagem
Revista Brasileira de Engenharia Agrícola e Ambiental||Rev. bras. eng. agríc. ambient.|rbeaa|1415-4366|1415-4366|1807-1929|Departamento de Engenharia Agrícola - UFCG
Revista Brasileira de Engenharia Biomédica||Rev. Bras. Eng. Bioméd.|rbeb|1517-3151|1517-3151||SBEB - Sociedade Brasileira de Engenharia Biomédica
Revista Brasileira de Ensino de Física||Rev. Bras. Ensino Fís.|rbef|1806-1117|1806-1117||Sociedade Brasileira de Física
Revista Brasileira de Entomologia||Rev. Bras. entomol.|rbent|0085-5626|0085-5626||Sociedade Brasileira De Entomologia
Revista Brasileira de Epidemiologia|Rev Bras Epidemiol|Rev. bras. epidemiol.|rbepid|1415-790X|1415-790X|1980-5497|Associação Brasileira de Saúde Coletiva
Revista Brasileira de Estudos de População||Rev. bras. estud. popul.|rbepop|0102-3098|0102-3098||Associação Brasileira de Estudos Populacionais
Revista Brasileira de Estudos Pedagógicos||Rev. Bras. Estud. Pedagog.|rbeped|2176-6681||2176-6681|Instituto Nacional de Estudos e Pesquisas Educacionais Anísio Teixeira
Revista Brasileira de Farmacognosia||Rev. bras. farmacogn.|rbfar|0102-695X|0102-695X||Sociedade Brasileira de Farmacognosia
Revista Brasileira de Fisiologia Vegetal||Rev. Bras. Fisiol. Veg.|rbfv|0103-3131|0103-3131||Sociedade Brasileira de Fisiologia Vegetal
Revista Brasileira de Fruticultura||Rev. Bras. Frutic.|rbf|0100-2945|0100-2945||Sociedade Brasileira de Fruticultura
Revista Brasileira de Geofísica||Rev. Bras. Geof.|rbg|0102-261X|0102-261X||Sociedade Brasileira de Geofísica
Revista Brasileira de Geriatria e Gerontologia||Rev. bras. geriatr. gerontol.|rbgg|1809-9823|1809-9823||Universidade do Estado do Rio Janeiro
Revista Brasileira de Ginecologia e Obstetrícia||Rev. Bras. Ginecol. Obstet.|rbgo|0100-7203|0100-7203||Federação Brasileira das Sociedades de Ginecologia e Obstetrícia
Revista Brasileira de Hematologia e Hemoterapia||Rev. Bras. Hematol. Hemoter.|rbhh|1516-8484|1516-8484||Associação Brasileira de Hematologia e Hemoterapia e Terapia Celular
Revista Brasileira de História||Rev. Bras. Hist.|rbh|0102-0188|0102-0188|1806-9347|Associação Nacional de História - ANPUH
Revista Brasileira de Linguística Aplicada||Rev. bras. linguist. apl.|rbla|1984-6398||1984-6398|Faculdade de Letras - Universidade Federal de Minas Gerais
Revista Brasileira de Medicina do Esporte||Rev Bras Med Esporte|rbme|1517-8692|1517-8692||Sociedade Brasileira de Medicina do Exercício e do Esporte
Revista Brasileira de Meteorologia||Rev. bras. meteorol.|rbmet|0102-7786|0102-7786||Sociedade Brasileira de Meteorologia
Revista Brasileira de Oceanografia||Rev. Bras. Oceanogr.|rboce|1413-7739|1413-7739||Instituto Oceanográfico da Universidade de São Paulo
Revista Brasileira de Oftalmologia||Rev. bras.oftalmol.|rbof|0034-7280|0034-7280||Sociedade Brasileira de Oftalmologia
Revista Brasileira de Ortopedia||Rev. bras. ortop.|rbort|0102-3616|0102-3616||Sociedade Brasileira de Ortopedia e Traumatologia
Revista Brasileira de Otorrinolaringologia||Rev. Bras. Otorrinolaringol.|rboto|0034-7299|0034-7299||ABORL-CCF Associação Brasileira de Otorrinolaringologia e Cirurgia Cérvico-Facial
Revista Brasileira de Parasitologia Veterinária|Rev Bras Parasitol Vet|Rev. Bras. Parasitol. Vet.|rbpv|1984-2961||1984-2961|Colégio Brasileiro de Parasitologia Veterinária
Revista Brasileira de Plantas Medicinais||Rev. bras. plantas med.|rbpm|1516-0572|1516-0572||Sociedade Brasileira de Plantas Medicinais
Revista Brasileira de Política Internacional||Rev. bras. polít. int.|rbpi|0034-7329|0034-7329||Instituto Brasileiro de Relações Internacionais
Revista Brasileira de Psiquiatria|Rev Bras Psiquiatr|Rev. Bras. Psiquiatr.|rbp|1516-4446|1516-4446||Associação Brasileira de Psiquiatria - ABP
Revista Brasileira de Reumatologia|Rev Bras Reumatol|Rev. Bras. Reumatol.|rbr|0482-5004|0482-5004||Sociedade Brasileira de Reumatologia
Revista Brasileira de Saúde e Produção Animal||Rev. bras. saúde prod. anim.|rbspa|1519-9940||1519-9940|UFBA - Universidade Federal da Bahia
Revista Brasileira de Saúde Materno Infantil||Rev. Bras. Saude Mater. Infant.|rbsmi|1519-3829|1519-3829||Instituto de Medicina Integral Prof. Fernando Figueira
Revista Brasileira de Saúde Ocupacional||Rev. bras. saúde ocup.|rbso|0303-7657|0303-7657||Fundação Jorge Duprat Figueiredo de Segurança e Medicina do Trabalho - FUNDACENTRO
Revista Brasileira de Sementes||Rev. bras. sementes|rbs|0101-3122|0101-3122||Associação Brasileira de Tecnologia de Sementes
Revista Brasileira de Terapia Intensiva|Rev Bras Ter Intensiva|Rev. bras. ter. intensiva|rbti|0103-507X|0103-507X||Associação de Medicina Intensiva Brasileira - AMIB
Revista Brasileira de Zoologia||Rev. Bras. Zool.|rbzool|0101-8175|0101-8175||Sociedade Brasileira de Zoologia
Revista Brasileira de Zootecnia||R. Bras. Zootec.|rbz|1516-3598|1516-3598|1806-9290|Sociedade Brasileira de Zootecnia
Revista CEFAC||Rev. CEFAC|rcefac|1516-1846|1516-1846|1982-0216|CEFAC Saúde e Educação
Revista Ceres||Rev. Ceres|rceres|0034-737X|0034-737X||Universidade Federal de Viçosa
Revista Ciência Agronômica||Rev. Ciênc. Agron.|rca|1806-6690||1806-6690|Universidade Federal do Ceará
Revista Contabilidade & Finanças||Rev. contab. finanç.|rcf|1519-7077|1519-7077|1808-057X|Universidade de São Paulo, Faculdade de Economia, Administração e Contabilidade, Departamento de Contabilidade e Atuária
Revista da Associação Médica Brasileira|Rev Assoc Med Bras|Rev. Assoc. Med. Bras.|ramb|0104-4230|0104-4230||Associação Médica Brasileira
Revista da Educação Física / UEM||Rev. educ. fis. UEM|refuem|1983-3083||1983-3083|Universidade Estadual de Maringá
Revista da Escola de Enfermagem da USP|Rev Esc Enferm USP|Rev. esc. enferm. USP|reeusp|0080-6234|0080-6234||Universidade de São Paulo, Escola de Enfermagem
Revista da Faculdade de Educação||Rev. Fac. Educ.|rfe|0102-2555|0102-2555||Faculdade de Educação da Universidade de São Paulo
Revista da Sociedade Brasileira de Fonoaudiologia||Rev. soc. bras. fonoaudiol.|rsbf|1516-8034|1516-8034|1982-0232|Sociedade Brasileira de Fonoaudiologia
Revista da Sociedade Brasileira de Medicina Tropical|Rev Soc Bras Med Trop|Rev. Soc. Bras. Med. Trop.|rsbmt|0037-8682|0037-8682||Sociedade Brasileira de Medicina Tropical - SBMT
Revista de Administração (São Paulo)||Rev. Adm. (São Paulo)|rausp|0080-2107|0080-2107||Departamento de Administração da Faculdade de Economia, Administração e Contabilidade da Universidade de São Paulo
Revista de Administração Contemporânea||Rev. adm. contemp.|rac|1415-6555|1415-6555|1982-7849|Associação Nacional dos Programas de Pós-graduação em Administração
Revista de Administração de Empresas||Rev. adm. empres.|rae|0034-7590|0034-7590||Fundação Getulio Vargas, Escola de Administração de Empresas de S.Paulo
Revista de Administração Pública||Rev. Adm. Pública|rap|0034-7612|0034-7612||Fundação Getulio Vargas
Revista de Antropologia||Rev. Antropol.|ra|0034-7701|0034-7701||Departamento de Antropologia, Faculdade de Filosofia, Letras e Ciências Humanas, Universidade de São Paulo - FFLCH/USP
Revista de Economia Contemporânea||Rev. econ. contemp.|rec|1415-9848|1415-9848||Instituto de Economa da Universidade Federal do Rio de Janeiro
Revista de Economia e Sociologia Rural||Rev. Econ. Sociol. Rural|resr|0103-2003|0103-2003||Sociedade Brasileira de Economia e Sociologia Rural
Revista de Economia Política||Rev. Econ. Polit.|rep|0101-3157|0101-3157||Editora 34
Revista de História (São Paulo)||Rev. Hist. (São Paulo)|rh|0034-8309|0034-8309||Universidade de São Paulo, Faculdade de Filosofia, Letras e Ciências Humanas, Departamento de História
Revista de Microbiologia||Rev. Microbiol.|rm|0001-3714|0001-3714||Sociedade Brasileira de Microbiologia
Revista de Nutrição||Rev. Nutr.|rn|1415-5273|1415-5273||Pontifícia Universidade Católica de Campinas
Revista de Odontologia da UNESP|Rev Odontol UNESP|Rev. odontol. UNESP|rounesp|1807-2577||1807-2577|Universidade Estadual Paulista Júlio de Mesquita Filho
Revista de Odontologia da Universidade de São Paulo||Rev Odontol Univ São Paulo|rousp|0103-0663|0103-0663||Universidade de São Paulo
Revista de Psiquiatria do Rio Grande do Sul||Rev. psiquiatr. Rio Gd. Sul|rprs|0101-8108|0101-8108||Sociedade de Psiquiatria do Rio Grande do Sul
Revista de Saúde Pública|Rev Saude Publica|Rev. Saúde Pública|rsp|0034-8910|0034-8910||Faculdade de Saúde Pública da Universidade de São Paulo
Revista de Sociologia e Política||Rev. Sociol. Polit.|rsocp|0104-4478|0104-4478||Universidade Federal do Paraná
Revista Dental Press de Ortodontia e Ortopedia Facial||Rev. Dent. Press Ortodon. Ortop. Facial|dpress|1415-5419|1415-5419||Dental Press Editora
Revista Direito GV||Rev. direito GV|rdgv|1808-2432|1808-2432||Fundação Getúlio Vargas, Escola de Direito
Revista do Colégio Brasileiro de Cirurgiões|Rev Col Bras Cir|Rev. Col. Bras. Cir.|rcbc|0100-6991|0100-6991||Colégio Brasileiro de Cirurgiões
Revista do Departamento de Psicologia. UFF||Rev. Dep. Psicol.,UFF|rdpsi|0104-8023|0104-8023||Universidade Federal Fluminense, Departamento de Psicologia
Revista do Hospital das Clínicas|Rev. Hosp. Clin. Fac. Med. Univ. São Paulo|Rev. Hosp. Clin.|rhc|0041-8781|0041-8781||Faculdade de Medicina / Universidade de São Paulo - FM/USP
Revista do Instituto de Estudos Brasileiros||Rev. Inst. Estud. Bras.|rieb|0020-3874|0020-3874|2316-901X|Instituto de Estudos Brasileiros
Revista do Instituto de Medicina Tropical de São Paulo|Rev Inst Med Trop Sao Paulo|Rev. Inst. Med. trop. S. Paulo|rimtsp|0036-4665|0036-4665||Instituto de Medicina Tropical
Revista Dor||Rev. dor|rdor|1806-0013|1806-0013||Sociedade Brasileira para o Estudo da Dor
Revista Estudos Feministas||Rev. Estud. Fem.|ref|0104-026X|0104-026X||Centro de Filosofia e Ciências Humanas e Centro de Comunicação e Expressão da Universidade Federal de Santa Catarina
Revista Gaúcha de Enfermagem|Rev Gaucha Enferm.|Rev. Gaúcha Enferm.|rgenf|1983-1447||1983-1447|Universidade Federal do Rio Grande do Sul. Escola de Enfermagem
Revista IBRACON de Estruturas e Materiais||Rev. IBRACON Estrut. Mater.|riem|1983-4195||1983-4195|IBRACON - Instituto Brasileiro do Concreto
Revista Katálysis||Rev. katálysis|rk|1414-4980|1414-4980||Programa de Pós-Graduação em Serviço Social e Curso de Graduação em Serviço Social da Universidade Federal de Santa Catarina
Revista Latino-Americana de Enfermagem|Rev Lat Am Enfermagem|Rev. Latino-Am. Enfermagem|rlae|0104-1169|0104-1169|1518-8345|Escola de Enfermagem de Ribeirão Preto / Universidade de São Paulo
Revista Latinoamericana de Psicopatologia Fundamental||Rev. latinoam. psicopatol. fundam.|rlpf|1415-4714|1415-4714||Associação Universitária de Pesquisa em Psicopatologia Fundamental
Revista Odonto Ciência||Rev. odonto ciênc.|roc|1980-6523||1980-6523|Pontifícia Universidade Católica do Rio Grande do Sul
Revista Paulista de Pediatria|Rev Paul Pediatr|Rev. paul. pediatr.|rpp|0103-0582|0103-0582||Sociedade de Pediatria de São Paulo
Revista Árvore||Rev. Árvore|rarv|0100-6762|0100-6762||Sociedade de Investigações Florestais
RGO - Revista Gaúcha de Odontologia||RGO, Rev. Gaúch. Odontol.|rgo|1981-8637||1981-8637|Faculdade São Leopoldo Mandic
Rodriguésia||Rodriguésia|rod|2175-7860||2175-7860|Instituto de Pesquisas Jardim Botânico do Rio de Janeiro
Sao Paulo Medical Journal|Sao Paulo Med J|Sao Paulo Med. J.|spmj|1516-3180|1516-3180||Associação Paulista de Medicina - APM
Saúde e Sociedade||Saude soc.|sausoc|0104-1290|0104-1290||Faculdade de Saúde Pública, Universidade de São Paulo.-Associação Paulista de Saúde Pública.
Saúde em Debate||Saúde debate|sdeb|0103-1104|0103-1104||Centro Brasileiro de Estudos de Saúde
Sba: Controle & Automação Sociedade Brasileira de Automatica||Sba Controle & Automação|ca|0103-1759|0103-1759||Sociedade Brasileira de Automática
Scientia Agricola||Sci. agric. (Piracicaba, Braz.)|sa|0103-9016|0103-9016||São Paulo - Escola Superior de Agricultura "Luiz de Queiroz"
Scientiae Studia||Sci. stud.|ss|1678-3166|1678-3166||Universidade de São Paulo, Departamento de Filosofia
Sequência (Florianópolis)||Sequência (Florianópolis)|seq|2177-7055||2177-7055|Programa de Pós-Graduação em Direito da Universidade Federal de Santa Catarina
Serviço Social & Sociedade||Serv. Soc. Soc.|sssoc|0101-6628|0101-6628||Cortez Editora Ltda
Sexualidad, Salud y Sociedad (Rio de Janeiro)||Sex., Salud Soc. (Rio J.)|sess|1984-6487||1984-6487|Centro Latino-Americano em Sexualidade e Direitos Humanos (CLAM/IMS/UERJ)
Sociedade & Natureza||Soc. nat.|sn|1982-4513||1982-4513|Universidade Federal de Uberlândia, Instituto de Geografia, Programa de Pós-Graduação em Geografia
Sociedade e Estado||Soc. estado.|se|0102-6992|0102-6992||Departamento de Sociologia da Universidade de Brasília
Sociologias||Sociologias|soc|1517-4522|1517-4522||Programa de Pós-Graduação em Sociologia - UFRGS
Soldagem & Inspeção||Soldag. insp.|si|0104-9224|0104-9224||Associação Brasileira de Soldagem
Summa Phytopathologica||Summa phytopathol.|sp|0100-5405|0100-5405||Grupo Paulista de Fitopatologia
Sur. Revista Internacional de Direitos Humanos||Sur, Rev. int. direitos human.|sur|1806-6445|1806-6445||Sur - Rede Universitária de Direitos Humanos
São Paulo em Perspectiva||São Paulo Perspec.|spp|0102-8839|0102-8839||Fundação SEADE
TEMA (São Carlos)||TEMA (São Carlos)|tema|2179-8451||2179-8451|Sociedade Brasileira de Matemática Aplicada e Computacional
Tempo||Tempo|tem|1413-7704|1413-7704||EdUFF - Editora da UFF
Tempo Social||Tempo soc.|ts|0103-2070|0103-2070||Departamento de Sociologia da Faculdade de Filosofia, Letras e Ciências Humanas da Universidade de São Paulo
Texto & Contexto - Enfermagem||Texto contexto - enferm.|tce|0104-0707|0104-0707||Universidade Federal de Santa Catarina, Programa de Pós Graduação em Enfermagem
Theoretical and Experimental Plant Physiology||Theor. Exp. Plant Physiol.|txpp|2197-0025||2197-0025|Sociedade Brasileira de Fisiologia Vegetal
Topoi (Rio de Janeiro)||Topoi (Rio J.)|topoi|2237-101X||2237-101X|Programa de Pós-Graduação em História Social da Universidade Federal do Rio de Janeiro
Trabalho, Educação e Saúde||Trab. educ. saúde|tes|1981-7746||1981-7746|Fundação Oswaldo Cruz, Escola Politécnica de Saúde Joaquim Venâncio
Trabalhos em Linguística Aplicada||Trab. linguist. apl.|tla|0103-1813|0103-1813||UNICAMP. Departamento de Linguística Aplicada
Trans/Form/Ação||Trans/Form/Ação|trans|0101-3173|0101-3173||Universidade Estadual Paulista, Departamento de Filosofia
Transinformação||Transinformação|tinf|0103-3786|0103-3786||Pontifícia Universidade Católica de Campinas
Trends in Psychiatry and Psychotherapy||Trends Psychiatry Psychother.|trends|2237-6089|2237-6089||Associação de Psiquiatria do Rio Grande do Sul
Tropical Plant Pathology||Trop. plant pathol.|tpp|1982-5676|1982-5676|1983-2052|Sociedade Brasileira de Fitopatologia
urbe. Revista Brasileira de Gestão Urbana||urbe, Rev. Bras. Gest. Urbana|urbe|2175-3369||2175-3369|Pontifícia Universidade Católica do Paraná
Varia Historia||Varia hist.|vh|0104-8775|0104-8775||Pós-Graduação em História, Faculdade de Filosofia e Ciências Humanas, Universidade Federal de Minas Gerais.
Vibrant: Virtual Brazilian Anthropology||Vibrant, Virtual Braz. Anthr.|vb|1809-4341||1809-4341|Associação Brasileira de Antropologia (ABA)
Zoologia (Curitiba)||Zoologia (Curitiba)|zool|1984-4670|1984-4670||Sociedade Brasileira de Zoologia
Ágora: Estudos em Teoria Psicanalítica||Ágora (Rio J.)|agora|1516-1498|1516-1498||Programa de Pós-graduação em Teoria Psicanalítica do Instituto de Psicologia da Universidade Federal do Rio de Janeiro - UFRJ