1° Regimento de Cavalaria de Guarda|Brazil
3M do Brasil|Brazil
AB-Biotics|Spain
AES Tietê|Brazil
ATG Genetics Inc|Canada
Aalborg University|Denmark
Aarhus University|Denmark
Abant Izzet Baysal University|Turkey
Abbott Laboratories|USA
Aberystwyth University|United Kingdom
Abia State University|Nigeria
Abo Akademi University|Finland
Academia Brasileira de Ciências|Brazil
Academia Brasileira de Direito Constitucional|Brazil
Academia Brasileira de Filosofia|Brazil
Academia Brasileira de Letras|Brazil
Academia Brasileira de Música|Brazil
Academia Brasileira de Neurologia|Brazil
Academia Brasileira de Pediatria|Brazil
Academia Cearense de Odontologia|Brazil
Academia Mexicana de Neurología|Mexico
Academia Militar Agulhas Negras|Brazil
Academia Mineira de Medicina|Brazil
Academia Nacional de Medicina|Brazil
Academia Paulista de Psicologia|Brazil
Academia Sinica|People's Republic of China
Academia Sul-Rio-Grandense de Medicina|Brazil
Academia da Força Aérea Brasileira|Brazil
Academia de Ciencias Físicas, Matemáticas y Naturales|Venezuela
Academia de Ciência e Tecnologia|Brazil
Academia de Ciências de Moçambique|Mozambique
Academic Hospital Paramaribo|Suriname
Academic Medical Center|Netherlands
Academisch Medisch Centrum|Netherlands
Academy of Medical Science of Ukraine|Ukraine
Académie d'Agriculture de France|France
Académie de Toulouse|France
Acharya N.G. Ranga Agricultural University|India
Acta Paulista de Enfermagem|Brazil
Adam Mickiewicz University|Poland
Adam Mickiewicz University|Poland
Administración Nacional de Laboratorios e Institutos de Salud (ANLIS) Dr. Carlos G. Malbrán|Argentina
Administración Nacional de Medicamentos, Alimentos y Tecnología Médica|Argentina
Adnan Menderes University|Turkey
Adubos Trevo|Brazil
Afyon Kocatepe University|Turkey
Aga Khan University|Pakistan
Agencia Nacional de Promoción Científica y Tecnológica|Argentina
Agencia de Evaluación de Tecnologías Sanitarias de Andalucía|Spain
Agrichem do Brasil|Brazil
Agricultural University of Athens|Greece
Agència Valenciana de Salut|Spain
Agència d'Avaluació de Tecnologia i Recerca Mèdiques|Spain
Agência Nacional de Compras Públicas|Brazil
Agência Paulista de Tecnologia dos Agronegócios|Brazil
Agência Reguladora de Serviços Públicos Delegados do Estado Ceará|Brazil
Agência de Defesa Agropecuária do Estado do Ceará|Brazil
Agência de Defesa e Fiscalização de Pernambuco|Brazil
Ahi Evran University|Turkey
Ahlia University|Bahrain
Ain Shams University|Egypt
Akdeniz University|Turkey
Al-Jabal Al Gharbi University|Lybia
Albany Medical College|USA
Albert Einstein College of Medicine|USA
Albert-Ludwigs-Universität Freiburg|Germany
Alexandria Faculty of Medicine|Egypt
Alfred I. duPont Hospital for Children|USA
Aligarh Muslim University|India
Allameh Tabatabaei University|Iran
Alterra Research Institute|Netherlands
American University Washington DC|USA
Amirkabir University of Technology|Iran
Anadolu University|Turkey
Andong National University|South Korea
Anhui University|People's Republic of China
Ankara University|Turkey
Anna University|India
Annamalai University|India
Aracruz Celulose|Brazil
Arcelor Mittal Inox do Brasil|Brazil
Arcelor Mittal Stainless Research Center|France
Arcidiocesi di Palermo|Italy
Aristotle University of Thessaloniki|Greece
Arizona State University|USA
Arquivos Brasileiros de Cirurgia Digestiva|Brazil
Asociación Española Contra el Cáncer|Spain
Asociación Psicoanalítica Argentina|Argentina
Associação Bahiana dos Cronistas Desportivos|Brazil
Associação Beneficente de Campo Grande|Brazil
Associação Brasileira de Ação a Resistência de Plantas aos Herbicidas|Brazil
Associação Brasileira de Ciências Farmacêuticas|Brazil
Associação Brasileira de Ciências Mecânicas|Brazil
Associação Brasileira de Criadores de Suínos|Brazil
Associação Brasileira de Dermatologia|Brazil
Associação Brasileira de Editores Científicos|Brazil
Associação Brasileira de Educação de Engenharia|Brazil
Associação Brasileira de Enfermagem|Brazil
Associação Brasileira de Engenharia Sanitária e Ambiental|Brazil
Associação Brasileira de Engenharia e Ciências Mecânicas|Brazil
Associação Brasileira de Ensino Odontológico|Brazil
Associação Brasileira de Ensino e Pesquisa em Serviço Social|Brazil
Associação Brasileira de Juristas Democratas|Brazil
Associação Brasileira de Medicina de Tráfego|Brazil
Associação Brasileira de Obstetrizes e Enfermeiros Obstetras|Brazil
Associação Brasileira de Odontologia |Brazil
Associação Brasileira de Polímeros|Brazil
Associação Brasileira dos Criadores de Zebu|Brazil
Associação Caruaruense de Ensino Superior e Técnico|Brazil
Associação Catarinense de Ensino|Brazil
Associação Catarinense de Estudo da Dor|Brazil
Associação Catarinense de Preservação da Natureza|Brazil
Associação Fluminense de Reabilitação|Brazil
Associação Médica Brasileira|Brazil
Associação Paulista de Cirurgiões Dentistas|Brazil
Associação Paulista de Medicina|Brazil
Associação Paulista de Saúde Pública|Brazil
Associação Paulista para Desenvolvimento da Medicina|Brazil
Associação Universitária de Pesquisa em Psicopatologia Fundamental|Brazil
Associação de Assistência à Criança Deficiente|Brazil
Associação de Combate ao Câncer de Goiás|Brazil
Associação de Diabetes Juvenil da Região Noroeste Paulista|Brazil
Atatürk University|Turkey
Ateneo Pontificio Regina Apostolorum|Italy
Atilim University|Turkey
Auburn University|USA
Australian National University|Australia
Aviagen do Brasil Ltda|Brazil
BAP Health Outcomes Research|Spain
Bahcesehir University|Turkey
Balikesir University|Turkey
Ball State University|USA
Banco Central do Brasil|Brazil
Banco de la República de Colombia|Colombia
Banco do Nordeste do Brasil|Brazil
Bangkok Academic Center|Thailand
Baskent University|Turkey
Baverian Academy of Sciencies|Germany
Baylor University|USA
Beatrix Hospital|Netherlands
Beihang University|People's Republic of China
Beijing Normal University |People's Republic of China
Belarusian State Medical University|Belarus
Benemérita Sociedade de Beneficência Portuguesa de São Paulo|Brazil
Benemérita Universidad Autónoma de Puebla|Mexico
Bet Laboratories do Brasil|Brazil
Beykent University|Turkey
Bezmiâlem Vakıf Üniversitesi|Turkey
Bilecik University|Turkey
Bilkent University|Turkey
Biocor Instituto|Brazil
Bogazici University|Turkey
Boston College|USA
Boston University|USA
Brigham Young University|USA
Brown University|USA
Bülent Ecevit University|Turkey
CBS-KNAW Fungal Biodiversity Centre|Netherlands
COMSATS Institute of Information Technology|Pakistan
Cag University|Turkey
California State University|USA
Cancer Council Queensland|Australia
Cankaya University|Turkey
Cardioclínica Maringá|Brazil
Carleton University|Canada
Case Western Reserve University|USA
Catharina Hospital|Netherlands
Celal Bayar University|Turkey
Celulose Nipo Brasileira|Brazil
Cema Hospital Especializado|Brazil
Center for Eating Disorders Ursula|Netherlands
Center of Expertise for Chronic Organ Failure|Netherlands
Centers for Disease Control and Prevention|USA
Central Energética Vale do Sapucai|Brazil
Central Queensland University|Australia
Central South University|People's Republic of China
Central de Transplante do Ceará|Brazil
Centre Hospitalier Universitaire de Bab El Oued|Algeria
Centre National de Toxicologie|Algeria
Centre National de la Recherche Scientifique|France
Centre National du Machinisme Agricole, du Genie Rural, des Eaux et des Forets|France
Centre Pierre et Marie Curie|France
Centre d'Analyse et d'Intervention Sociologiques|France
Centre de Développement des Energies Renouvelables|Algeria
Centre de Recherche Nucléaire de Birine|Algeria
Centre for Addiction and Mental Health|Canada
Centre for Addiction and Mental Health|Canada
Centre for Plant Breeding and Reproduction Research|Netherlands
Centro Brasileiro de Análise e Planejamento|Brazil
Centro Brasileiro de Pesquisas Físicas|Brazil
Centro Cardiológico Integral|Brazil
Centro Estadual Especializado em Diagnóstico, Assistência e Pesquisa|Brazil
Centro Federal de Educação Tecnológica de Minas Gerais|Brazil
Centro Federal de Educação Tecnológica do Paraná|Brazil
Centro Federal de Educação Tecnológica do Rio de Janeiro|Brazil
Centro Hospitalar de São João|Brazil
Centro Integrado de Neurologia e Neurocirurgia de Maringá|Brazil
Centro Municipal de Especialidades de São Carlos|Brazil
Centro Nacional de Investigación y Desarrollo Tecnológico|Mexico
Centro Nacional de Pesquisa em Pesca, Aquicultura e Sistemas Agrícolas|Brazil
Centro Nefrológico de Minas Gerais|Brazil
Centro Regional de Investigaciones Pesqueras|Mexico
Centro Salud Priego de Córdoba|Argentina
Centro Técnico Aeroespacial|Brazil
Centro Universitário Augusto Motta|Brazil
Centro Universitário Barão de Mauá|Brazil
Centro Universitário Celso Lisboa|Brazil
Centro Universitário Central Paulista|Brazil
Centro Universitário Cesumar|Brazil
Centro Universitário Filadélfia|Brazil
Centro Universitário Franciscano|Brazil
Centro Universitário Fundação Santo André|Brazil
Centro Universitário Hermínio Ometto|Brazil
Centro Universitário La Salle|Brazil
Centro Universitário Lusíada|Brazil
Centro Universitário Metodista Izabela Hendrix|Brazil
Centro Universitário Metodista do IPA|Brazil
Centro Universitário Monte Serrat|Brazil
Centro Universitário Moura Lacerda|Brazil
Centro Universitário Newton Paiva|Brazil
Centro Universitário Salesiano de São Paulo|Brazil
Centro Universitário Senac|Brazil
Centro Universitário Serra dos Orgãos|Brazil
Centro Universitário São Camilo|Brazil
Centro Universitário Uninovafapi|Brazil
Centro Universitário Univates|Brazil
Centro Universitário da FEI|Brazil
Centro Universitário da Fundação Educacional de Barretos|Brazil
Centro Universitário da Fundação de Ensino Octávio Bastos|Brazil
Centro Universitário da Grande Dourados|Brazil
Centro Universitário de Araraquara|Brazil
Centro Universitário de Belo Horizonte|Brazil
Centro Universitário de Brasília|Brazil
Centro Universitário de João Pessoa|Brazil
Centro Universitário de Lavras|Brazil
Centro Universitário de Volta Redonda|Brazil
Centro Universitário do Cerrado Patrocínio|Brazil
Centro Universitário do Estado do Pará|Brazil
Centro Universitário do Triângulo|Brazil
Centro Universitário para o Desenvolvimento do Alto Vale do Itajaí|Brazil
Centro Visual Valter Justa|Brazil
Centro de Apoio ao Desenvolvimento Sustentável do Semi-Árido|Brazil
Centro de Atención Nutricional Infantil Antímano|Venezuela
Centro de Cibernética Aplicada a la Medicina|Cuba
Centro de Desenvolvimento da Tecnologia Nuclear|Brazil
Centro de Diabetes e Endocrinologia de Pernambuco|Brazil
Centro de Educação Profissional Caetano Costa|Brazil
Centro de Ensino Superior de Maringá|Brazil
Centro de Ensino Superior de São Carlos|Brazil
Centro de Estudios Avanzados en Zonas Áridas|Chile
Centro de Estudios del Cuaternario, Fuego-Patagonia y Antártica|Chile
Centro de Estudos da Voz|Brazil
Centro de Estudos de Cultura Contemporânea|Brazil
Centro de Estudos do Laboratório de Aptidão Física de São Caetano do Sul|Brazil
Centro de Hematologia e Hemoterapia de Santa Catarina|Brazil
Centro de Hematologia e Hemoterapia do Ceará|Brazil
Centro de Investigaciones Biológicas del Noroeste|Mexico
Centro de Investigaciones Energéticas Medioambientales y Tecnológicas|Spain
Centro de Investigaciones Médicas Albert Einstein|Argentina
Centro de Investigaciones Médico Quirúrgicas|Cuba
Centro de Investigaciones y Estudios Superiores en Antropología Social|Mexico
Centro de Investigación en Alimentación y Desarrollo A. C.|Mexico
Centro de Investigación y Desarrollo de Medicamentos|Cuba
Centro de Pesquisas em Saúde Reprodutiva de Campinas|Brazil
Centro de Pneumologia e Alergia do Ceará|Brazil
Centro de Reabilitação e Readaptação Doutor Henrique Santillo|Brazil
Centro de Salud Margaritas|Spain
Centro de Salud Utrera Sur|Spain
Centro de Salud de Ossa de Montiel|Spain
Centro de Salud de Peñarroya|Spain
Centro de Transplante Hepático do Ceará|Brazil
Centro de Transplante de Fígado do Ceará|Brazil
Centro de Vigilância Sanitária e Controle de Zoonoses Tereza Rodrigues de Camargo|Brazil
Charité Universitätsmedizin Berlin|Germany
Cheju National University|South Korea
Chennai Corporation|India
Chiang Mai University|Thailand
China Agricultural University|People's Republic of China
Chinese Academy Of Agricultural Sciences|People's Republic of China
Chonbuk National University|South Korea
Chonnam National University|South Korea
Christian Children's Fund CCF Angola|Angola
Chungnam National University|South Korea
Clemson University|USA
Clinicor - Clínica Cardiologia de Maringá|Brazil
Clínica Alfredo Halpern|Brazil
Clínica Calicanto|Venezuela
Clínica Girassol|Angola
Clínica IPENSA|Argentina
Clínica Las Condes|Chile
Clínica Las Vegas|Colombia
Clínica Marchesini|Brazil
Clínica Multiperfil|Angola
Clínica Puerta de Hierro|Spain
Clínica Sinus Center|Brazil
Clínica São Vicente|Brazil
Clínica Vespucio|Chile
Clínica Veterinária Maringá|Brazil
Clínica de Diagnóstico por Imagem|Brazil
Colegio de Abogados de Costa Rica|Costa Rica
Colegio de Estudios Superiores de Administración|Colombia
Colegio de Postgraduados|Mexico
College of William & Mary|USA
Colorado School of Mines|USA
Colorado State University|USA
Columbia University|USA
Colégio Brasileiro de Cirurgia Digestiva|Brazil
Colégio Brasileiro de Radiologia e Diagnóstico por Imagem|Brazil
Comisión Federal de Electricidad|Mexico
Comissão Executiva do Plano da Lavoura Cacaueira|Brazil
Comissão Nacional de Energia Nuclear|Brazil
Comité National de Lutte Contre l'envenimation Scorpionique|Algeria
Commonwealth Scientific and Industrial Research Organisation|Australia
Companhia Energética de Minas Gerais|Brazil
Companhia Energética do Ceará|Brazil
Companhia Hidroelétrica do São Francisco|Brazil
Companhia Integrada de Desenvolvimento Agrícola de Santa Catarina|Brazil
Companhia Paranaense de Energia|Brazil
Companhia Paulista de Força e Luz|Brazil
Companhia Siderúrgica Paulista|Brazil
Companhia Suzano de Papel e Celulose|Brazil
Companhia de Gestão dos Recursos Hídricos do Estado do Ceará|Brazil
Companhia de Saneamento Ambiental do Distrito Federal
Companhia de Saneamento Ambiental do Distrito Federal|Brazil
Companhia de Tecnologia de Saneamento Ambiental|Brazil
Complejo Asistencial Barros Luco|Chile
Complejo Asistencial Doctor Sótero del Río|Chile
Complejo Científico Ortopédico Internacional Frank País|Cuba
Complejo Hospitalario Universitario de Vigo|Spain
Complejo de Investigaciones Tecnológicas Integradas|Cuba
Complexo Hospitalario Universitario de Santiago|Chile
Conceptus - Centro de Reprodução Assistida do Ceará|Brazil
Concordia University Montréal|Canada
Conjunto Hospitalar do Mandaqui|Brazil
Consejería de Salud|Spain
Consejo Municipal de la Mujer|Mexico
Consejo Nacional de Investigaciones Científicas y Técnicas|Argentina
Conselho Federal de Fisioterapia e Terapia Ocupacional|Brazil
Conselho Federal de Fonoaudiologia|Brazil
Conselho Nacional de Desenvolvimento Científico e Tecnológico|Brazil
Conselho Regional de Medicina do Estado do Ceará|Brazil
Conservatoire National des Arts et Métiers|France
Conservação Internacional|Brazil
Consorci de Salut i Social de Catalunya|Spain
Cooper Union for the Advancement of Science and Art|USA
Cooperativa Agroindustrial dos Produtores Rurais do Sudoeste Goiano|Brazil
Cooperativa Central de Pesquisa Agrícola|Brazil
Coordenação de Saúde Coletiva Belford Roxo|Brazil
Copersucar|Brazil
Cornell University|USA
Cukurova University|Turkey
Cumhuriyet University|Turkey
Curtin University|Australia
DDL Diagnostic Laboratory|Netherlands
Dalhousie University|Canada
Dankook University|South Korea
Dartmouth College|USA
De Ruiter Seeds|Netherlands
Deakin University|Australia
Delegacia Federal da Agricultura do Paraná|Brazil
Delegacia Federal de Agricultura e Reforma Agrária do Mato Grosso|Brazil
Delegacia Federal de Agricultura no Estado de Sergipe|Brazil
Delegacia Federal de Agricultura no Estado do Maranhão|Brazil
Delegacia Federal do Ministério da Agricultura e Abastecimento de São Paulo|Brazil
Delft University of Technology|Netherlands
Delta Institute for Theoretical Physics|Netherlands
Departamento Intersindical de Estudos e Pesquisas de Saúde e dos Ambientes de Trabalho|Brazil
Departamento Nacional de Obras Contra as Secas |Brazil
Destacamento Naval de Investigación Médica de los Estados Unidos|Brazil
Dicle University|Turkey
Dogus University|Turkey
Dokuz Eylül University|Turkey
Donauspital|Austria
Dow AgroSciences Industrial Ltda|Brazil
Dow AgroSciences|Brazil
Drexel University|USA
Duke University|USA
Dumlupinar University|Turkey
Dutch Bryological and Lichenological Society|Netherlands
Dutch Society for Human Genetics|Netherlands
Duzce University|Turkey
East China Normal University|People's Republic of China
Eberhard Karls Universität Tübingen|Germany
Ege University|Turkey
Eidgenössische Technische Hochschule ETH Zürich|Switzerland
Eindhoven University of Technology|Netherlands
El Colegio de la Frontera Sur|Mexico
Elkerliek Ziekenhuis|Netherlands
Embrapa Acre|Brazil
Embrapa Agrobiologia|Brazil
Embrapa Agroenergia|Brazil
Embrapa Agroindústria Tropical|Brazil
Embrapa Agroindústria de Alimentos|Brazil
Embrapa Agropecuária Oeste|Brazil
Embrapa Agrossilvipastoril|Brazil
Embrapa Algodão|Brazil
Embrapa Amapá|Brazil
Embrapa Amazônia Ocidental|Brazil
Embrapa Amazônia Oriental|Brazil
Embrapa Arroz e Feijão|Brazil
Embrapa Café|Brazil
Embrapa Caprinos e Ovinos|Brazil
Embrapa Cerrados|Brazil
Embrapa Clima Temperado|Brazil
Embrapa Cocais|Brazil
Embrapa Estudos e Capacitação|Brazil
Embrapa Florestas|Brazil
Embrapa Gado de Corte|Brazil
Embrapa Gado de Leite|Brazil
Embrapa Hortaliças|Brazil
Embrapa Informação Tecnológica|Brazil
Embrapa Informática Agropecuária|Brazil
Embrapa Instrumentação Agropecuária|Brazil
Embrapa Instrumentação|Brazil
Embrapa Labex Europe|France
Embrapa Labex USA|Brazil
Embrapa Mandioca e Fruticultura|Brazil
Embrapa Meio Ambiente|Brazil
Embrapa Meio-Norte|Brazil
Embrapa Milho e Sorgo|Brazil
Embrapa Monitoramento Por Satelite|Brazil
Embrapa Negócios Tecnológicos|Brazil
Embrapa Oeste|Brazil
Embrapa Pantanal|Brazil
Embrapa Pecuária Sudeste|Brazil
Embrapa Pecuária Sul|Brazil
Embrapa Pesca e Aquicultura|Brazil
Embrapa Produtos e Mercado|Brazil
Embrapa Recursos Genéticos e Biotecnologia|Brazil
Embrapa Rondônia|Brazil
Embrapa Roraima|Brazil
Embrapa Semi-Árido|Brazil
Embrapa Soja|Brazil
Embrapa Solos|Brazil
Embrapa Suínos e Aves|Brazil
Embrapa Tabuleiros Costeiros|Brazil
Embrapa Transferência de Tecnologia|Brazil
Embrapa Trigo|Brazil
Embrapa Uva e Vinho|Brazil
Embrapa|Brazil
Emory University|USA
Emory University|USA
Empresa Baiana de Desenvolvimento Agricola S/A|Brazil
Empresa Brasileira de Aeronáutica|Brazil
Empresa Brasileira de Compressores S.A.|Brazil
Empresa Brasileira de Correios e Telégrafos|Brazil
Empresa Brasileira de Hemoderivados e Biotecnologia|Brazil
Empresa Brasileira de Infraestrutura Aeroportuária|Brazil
Empresa de Assistência Técnica e Extensão Rural do Ceará|Brazil
Empresa de Pesquisa Agropecuária de Minas Gerais|Brazil
Empresa de Pesquisa Agropecuária do Ceará|Brazil
Empresa de Pesquisa Agropecuária e Extensão Rural de Santa Catarina|Brazil
Empresa de Producción de Biológicos Carlos J Finlay|Cuba
Erasmus Universiteit Rotterdam|Netherlands
Erasmus University Medical Center|Netherlands
Erasmus University Rotterdam|Netherlands
Escola Agrotécnica Federal de Rio do Sul|Brazil
Escola Agrotécnica Federal de Santa Inês|Brazil
Escola Bahiana de Medicina e Saúde Pública|Brazil
Escola Nacional de Administração Pública|Brazil
Escola Nacional de Saúde Pública Sergio Arouca|Brazil
Escola Paulista de Direito|Brazil
Escola Paulista de Magistratura|Brazil
Escola Secundária Camilo Castelo Branco|Brazil
Escola Superior da Magistratura de Pernambuco|Brazil
Escola Superior da Magistratura do Estado do Ceará|Brazil
Escola Superior de Agricultura de Mossoró|Brazil
Escola Superior de Agronomia de Paraguaçu Paulista|Brazil
Escola Superior de Ciências Agrárias de Rio Verde|Brazil
Escola Superior de Ciências da Santa Casa de Misericórdia de Vitória|Brazil
Escola Superior de Ciências da Saúde|Brazil
Escola Superior de Educação Almeida Garrett|Portugal
Escola Superior de Enfermagem Calouste Gulbenkian|Portugal
Escola Superior de Enfermagem de Coimbra|Portugal
Escola Superior de Propaganda e Marketing|Brazil
Escola Superior de Saúde do Alcoitão|Portugal
Escola Técnica de Viçosa|Brazil
Escola Valenciana d'Estudis de la Salut|Spain
Escola de Estudos Superiores de Viçosa|Brazil
Escola de Saúde Pública de Pernambuco|Brazil
Escola de Saúde Pública do Ceará|Brazil
Escola de Saúde Pública|Brazil
Escola de Ultra-Sonografia de Ribeirão Preto|Brazil
Escuela Colombiana de Ingenieria Julio Garavito|Colombia
Escuela Internacional de Ciencias de la Salud|Spain
Escuela de Alta Dirección y Administración|Spain
Estación Experimental Agroindustrial Obispo Colombres|Argentina
Estação Experimental de Agronomia de Pindamonhangaba|Brazil
Exército Brasileiro|Brazil
F.C. Dondersstraat|Netherlands
FOM Institute for Plasma Physics|Netherlands
FUCAPE Business School|Brazil
Faculdade Anísio Teixeira de Feira de Santana|Brazil
Faculdade Assis Gurgacz|Brazil
Faculdade Campo Limpo Paulista|Brazil
Faculdade Estadual de Ciências Econômicas de Apucarana|Brazil
Faculdade Evangélica do Paraná|Brazil
Faculdade Frassinetti do Recife|Brazil
Faculdade Ingá|Brazil
Faculdade Integrada de Pernambuco|Brazil
Faculdade Integrada do Recife|Brazil
Faculdade Latino-Americana de Ciências Sociais|Brazil
Faculdade Maringá|Brazil
Faculdade Maurício de Nassau|Brazil
Faculdade Metropolitana Londrinense|Brazil
Faculdade Metropolitana São Carlos|Brazil
Faculdade Metropolitana da Grande Fortaleza|Brazil
Faculdade Metropolitana de Belo Horizonte|Brazil
Faculdade Metropolitana de Blumenau|Brazil
Faculdade Metropolitana de Caieiras|Brazil
Faculdade Metropolitana de Camaçari|Brazil
Faculdade Metropolitana de Campinas|Brazil
Faculdade Metropolitana de Guaramirim|Brazil
Faculdade Metropolitana de Maringá|Brazil
Faculdade Método de São Paulo|Brazil
Faculdade Objetivo Rio Verde|Brazil
Faculdade Paraíso do Ceará|Brazil
Faculdade Paulistana|Brazil
Faculdade Pernambucana de Saúde|Brazil
Faculdade São Lucas|Brazil
Faculdade de Ciências Agrárias do Pará|Brazil
Faculdade de Ciências Humanas de Pernambuco|Brazil
Faculdade de Ciências Médicas da Santa Casa de São Paulo|Brazil
Faculdade de Ciências Médicas de Minas Gerais|Brazil
Faculdade de Ciências Médicas e da Saúde de Juiz de Fora|Brazil
Faculdade de Ciências da Saúde de Garça|Brazil
Faculdade de Ciências e Tecnologias de Campos Gerais|Brazil
Faculdade de Direito da Alta Paulista|Brazil
Faculdade de Engenharia Química de Lorena|Brazil
Faculdade de Engenharia de Alimentos|Brazil
Faculdade de Itapiranga|Brazil
Faculdade de Medicina Veterinária de Viçosa|Brazil
Faculdade de Medicina Veterinária do Ceará|Brazil
Faculdade de Medicina de Jundiaí|Brazil
Faculdade de Medicina de Marília|Brazil
Faculdade de Medicina de São José do Rio Preto|Brazil
Faculdade de Medicina do ABC|Brazil
Faculdade de Odontologia de Barretos|Brazil
Faculdade de Odontologia de Pernambuco|Brazil
Faculdade de Tecnologia e Ciências Geral de Feira de Santana|Brazil
Faculdade de Viçosa|Brazil
Faculdade do Agreste de Pernambuco|Brazil
Faculdades Integradas Einstein de Limeira|Brazil
Faculdades Integradas Rui Barbosa|Brazil
Faculdades Integradas de Itapetininga|Brazil
Faculdades Integradas do Norte de Minas|Brazil
Faculdades Metropolitanas Unidas|Brazil
Faculdades Oswaldo Cruz|Brazil
Faculdades Pequeno Príncipe|Brazil
Faculdades Unidas do Norte de Minas|Brazil
Facultad Hospital Enrique Cabrera|Cuba
Facultad de Ciencias Médicas Dr. Salvador Allende|Cuba
Facultad de Ciencias|Uruguay
Facultad de Estomatología|Cuba
Faculty of Geo-Information Science and Earth Observation|Netherlands
Faculté des sciences de l'ingénieur|Algeria
Facultés universitaires Notre-Dame de la Paix|France
Fazenda Reunidas Boi Gordo|Brazil
Federal University of Agriculture|Nigeria
Ferdowsi University of Mashhad|Iran
Fibria Celulose |Brazil
Firat University|Turkey
Fleury Medicina e Saúde|Brazil
Flevo Hospital Almere|Netherlands
Flinders Medical Centre|Australia
Flinders University|Australia
Florida Institute of Technology|USA
Florida International University|USA
Florida State University|USA
Fluminense Futebol Clube|Brazil
Fondo de Población de las Naciones Unidas|Mexico
Fontys University of Applied Sciences|Netherlands
Forensic and Scientific Services|Australia
Força Aérea Brasileira|Brazil
Foundation Epilepsy Institutes Netherlands|Netherlands
Fourth Military Medical University|People's Republic of China
Freie Universität Berlin|Brazil
Freie Universität Berlin|Germany
Friedrich-Alexander Universität Erlangen-Nürnberg|Germany
Friedrich-Loeffler-Institut|Germany
Fryske Akademy|Netherlands
Fudan University|People's Republic of China
Fundación Clinica Abood Shaio|Colombia
Fundación Miguel Lillo|Argentina
Fundación Rosa de Luxemburgo|Spain
Fundación Universitaria Luis Amigó|Colombia
Fundação Alfredo da Matta|Brazil
Fundação Altino Ventura|Brazil
Fundação Armando Álvares Penteado|Brazil
Fundação Bahiana para Desenvolvimento das Ciências|Brazil
Fundação Benjamin Guimarães|Brazil
Fundação Carlos Chagas|Brazil
Fundação Casa de Rui Barbosa|Brazil
Fundação Centro Tecnológico de Minas Gerais|Brazil
Fundação Dom Cabral|Brazil
Fundação Dorina Nowill|Brazil
Fundação Educacional Inaciana Pe. Sabóia de Medeiros|Brazil
Fundação Escola de Comércio Álvares Penteado|Brazil
Fundação Escola do Ministério Público|Brazil
Fundação Estadual de Pesquisa Agropecuária|Brazil
Fundação Estadual de Produção e Pesquisa em Saúde|Brazil
Fundação Estadual de Proteção Ambiental Henrique Luiz Roessler|Brazil
Fundação Estadual do Norte Fluminense|Brazil
Fundação Ezequiel Dias|Brazil
Fundação Faculdade Federal de Ciências Médicas de Porto Alegre|Brazil
Fundação Faculdade Regional Medicina S José Rio Preto|Brazil
Fundação Florestan Fernandes|Brazil
Fundação Getúlio Vargas|Brazil
Fundação Hemocentro de Brasília|Brazil
Fundação Hemopa|Brazil
Fundação Hemope|Brazil
Fundação Hermínio Ometto|Brazil
Fundação Hospitalar de Feira de Santana|Brazil
Fundação Hospitalar de Hematologia e Hemoterapia do Amazonas|Brazil
Fundação Hospitalar do Estado de Minas Gerais|Brazil
Fundação Instituto Capixaba de Pesquisas em Contabilidade, Economia e Finanças Business School |Brazil
Fundação Instituto de Pesquisas Contábeis, Atuariais e Financeiras|Brazil
Fundação João Pinheiro|Brazil
Fundação Karnig Bazarian|Brazil
Fundação Mineira de Educação e Cultura|Brazil
Fundação Mokiti Okada|Brazil
Fundação Nacional de Saúde|Brazil
Fundação Núcleo de Tecnologia Industrial do Ceará|Brazil
Fundação Oswaldo Cruz|Brazil
Fundação Pró-Sangue Hemocentro de São Paulo|Brazil
Fundação Rosa de Luxemburgo|Brazil
Fundação Seade|Brazil
Fundação Universidade Federal do Rio Grande|Brazil
Fundação Universitária de Cardiologia|Brazil
Fundação Zoobotânica do Rio Grande do Sul|Brazil
Fundação de Amparo à Ciência e Tecnologia de Pernambuco|Brazil
Fundação de Amparo à Pesquisa do Estado de São Paulo|Brazil
Fundação de Apoio à Pesquisa e Desenvolvimento Integrado Rio Verde|Brazil
Fundação de Estudos Agrários Luiz de Queiroz|Brazil
Fundação de Hematologia e Hemoterapia da Bahia|Brazil
Fundação de Medicina Tropical Doutor Heitor Vieira Dourado|Brazil
Fundação de Medicina Tropical do Amazonas|Brazil
Fundação do ABC|Brazil
Fundação para Estudos Avançados no Trópico Semi-Árido|Brazil
Fundo de Defesa da Citricultura|Brazil
GC University Faisalabad|Turkey
GC University Lahore|Pakistan
GD Animal Health Service|Netherlands
Gastromed-Instituto Zilberstein|Brazil
Gazi University Ankara|Turkey
Gediz University|Turkey
Gelre Hospital|Netherlands
George Mason University|USA
George Washington University|USA
Georgetown University|USA
Georgia Institute of Technology|USA
Georgia State University|USA
Gomel State Technical University|Belarus
Grupo Hospitalar Conceição|Brazil
Grupo São Camilo|Brazil
Gulhane Military Medical Academy|Turkey
HELIOS Agnes Karll Krankenhaus|Germany
Hanze University of Applied Sciences|Netherlands
Harbin Institute of Technology|People's Republic of China
Harvard University|USA
Harvard-Smithsonian Center for Astrophysics|USA
Health Protection Agency|United Kingdom
Hellenic Open University|Greece
Hemocentro Coordenador de Mato Grosso|Brazil
Hemocentro Dalton Barbosa Cunha|Brazil
Hemocentro Regional de Guarapuava|Brazil
Hemocentro Regional de Jataí|Brazil
Hemocentro Regional de Maringá|Brazil
Hemocentro Regional de Pelotas|Brazil
Hemocentro Regional de Uberaba|Brazil
Hemocentro Regional de Uberlândia|Brazil
Hemocentro São Lucas|Brazil
Hemocentro de Alagoas|Brazil
Hemocentro de Goiás|Brazil
Hemocentro de Marília|Brazil
Hemocentro de Montes Claros|Brazil
Hemocentro de Ribeirão Preto|Brazil
Hemocentro de Santa Catarina|Brazil
Hemocentro de São José do Rio Preto|Brazil
Hemocentro do Amapá|Brazil
Hemocentro do Estado do Rio Grande do Sul|Brazil
Hemocentro do Rio de Janeiro|Brazil
Hokkaido University|Japan
Hong Kong Baptist University|Hong Kong
Hospital 9 de Julho|Brazil
Hospital A. C. Camargo|Brazil
Hospital Alemão Oswaldo Cruz|Brazil
Hospital Amato Lusitano Castelo Branco|Portugal
Hospital Ana Costa|Brazil
Hospital Beneficencia Española de la Laguna|Spain
Hospital Bom Jesus|Brazil
Hospital Cabueñes|Spain
Hospital Carlos Chagas|Brazil
Hospital Central Dr Antonio Agostinho Neto|Angola
Hospital Clínic de Barcelona|Spain
Hospital Clínico Quirúrgico Provincial Docente Manuel Ascunce Domenech|Cuba
Hospital Clínico Universitario Lozano Blesa|Spain
Hospital Erasto Gaertner|Brazil
Hospital Español|Spain
Hospital Evangélico de Londrina|Brazil
Hospital Federal da Lagoa|Brazil
Hospital Felício Rocho|Brazil
Hospital Garcia de Orta|Portugal
Hospital General De Tlalnepantla Valle Ceylan|Mexico
Hospital General Docente Ciro Redondo García|Cuba
Hospital General Docente Comandante Pinares|Cuba
Hospital General Dr. Manuel Gea. González|Mexico
Hospital General Universitario Gregorio Marañón|Spain
Hospital Geral Especializado Augusto N'Gangula|Angola
Hospital Geral de Bonsucesso|Brazil
Hospital Geral de Fortaleza|Brazil
Hospital Getúlio Vargas|Brazil
Hospital Giselda Trigueiro|Brazil
Hospital Heliópolis|Brazil
Hospital Infantil Cândido Fontoura|Brazil
Hospital Interzonal General de Agudos Eva Perón|Argentina
Hospital Israelita Albert Einstein|Brazil
Hospital Italiano de Buenos Aires|Argentina
Hospital Mariano Castelo Branco|Brazil
Hospital Mater Dei|Brazil
Hospital Materno Infantil Presidente Vargas|Brazil
Hospital Militar Carlos J. Finlay|Cuba
Hospital Militar de Santiago del General Luis Felipe Brieba Aran|Chile
Hospital Municipal Dr. Diego Thompson|Argentina
Hospital Municipal Miguel Couto|Brazil
Hospital Municipal de Maringá Dra. Thelma Villanova Kasprowicz|Brazil
Hospital Mãe de Deus|Brazil
Hospital Nacional Cayetano Heredia|Peru
Hospital Nacional de Niños Dr. Carlos Sáenz Herrera|Costa Rica
Hospital Nossa Senhora da Conceição|Brazil
Hospital Nossa Senhora das Graças|Brazil
Hospital Nossa Senhora do Rocio|Brazil
Hospital Ofir Loyola|Brazil
Hospital Oftalmológico de Brasília|Brazil
Hospital Paraná|Brazil
Hospital Pasteur|Brazil
Hospital Pequeno Príncipe|Brazil
Hospital Privado Centro Médico de Córdoba |Argentina
Hospital Professor Edmundo Vasconcellos|Brazil
Hospital Pró-Cardíaco|Brazil
Hospital Regional León|Mexico
Hospital Regional Universitario Carlos Haya|Spain
Hospital Regional de Ponta Grossa|Brazil
Hospital Samaritano|Brazil
Hospital San Juan de Dios|Spain
Hospital Santa Casa de Maringá|Brazil
Hospital Santa Casa de Montes Claros|Brazil
Hospital Santa Catarina|Brazil
Hospital Santa Paula|Brazil
Hospital Santa Rita de Maringá|Brazil
Hospital São Rafael|Brazil
Hospital São Vicente de Paulo|Brazil
Hospital Sírio-Libanês|Brazil
Hospital TotalCor|Brazil
Hospital Universitari Vall d'Hebron|Spain
Hospital Universitari de Bellvitge|Spain
Hospital Universitario Doctor Peset|Spain
Hospital Universitario Puerta de Hierro Majadahonda|Spain
Hospital Universitario Puerta del Mar|Spain
Hospital Universitario Son Dureta|Spain
Hospital Universitario de Fuenlabrada|Spain
Hospital Universitario de Maracaibo|Venezuela
Hospital Universitario de Pediatría Dr. Agustín Zubillaga|Venezuela
Hospital Universitário Cajuru|Brazil
Hospital Universitário Evangélico de Curitiba|Brazil
Hospital Universitário Sul Fluminense|Brazil
Hospital Vera Cruz|Brazil
Hospital Virgen de la Luz|Spain
Hospital de Base do Distrito Federal|Brazil
Hospital de Clínicas Caracas|Venezuela
Hospital de Clínicas de Niterói|Brazil
Hospital de Câncer de Barretos|Brazil
Hospital de Olhos de Maringá|Brazil
Hospital de Olhos do Ceará|Brazil
Hospital de Olhos do Paraná|Brazil
Hospital de Pediatría Profesor Dr. Juan P. Garrahan|Argentina
Hospital de Santa Marcelina|Brazil
Hospital de Santo André|Brazil
Hospital de Santo António dos Capuchos|Portugal
Hospital de Yopal |Colombia
Hospital del Salvador|Chile
Hospital do Coração de Londrina|Brazil
Hospital do Coração|Brazil
Hospital do Câncer de Maringá|Brazil
Hospital do Câncer de Pernambuco|Brazil
Hospital do Servidor Público Estadual Francisco Morato de Oliveira|Brazil
Hospital do Servidor Público Municipal de São Paulo|Brazil
Hospital e Maternidade Ipiranga|Brazil
Hospital e Maternidade São Luiz|Brazil
Hospitales Universitarios Virgen del Rocío|Spain
Huazhong University of Science|People's Republic of China
Iasar University|Turkey
Icahn School of Medicine at Mount Sinai|USA
Imag-DLO|Netherlands
Imperial College London|United Kingdom
Indian Academy of Sciences|India
Indian Agricultural Research Institute|India
Indiana University|USA
Instituição Toledo de Ensino|Brazil
Institut Català de la Salut|Spain
Institut Hospital del Mar d'Investigacions Mèdiques|Spain
Institut National de Santé Publique|Algeria
Institut National de la Santé et de la Recherche Médicale|France
Institut Pasteur|Algeria
Institut Pasteur|France
Institut de Formation Professionnelle|Algeria
Institut de Recerca Biomèdica de Lleida|Spain
Institute for Housing and Urban Development Studies|Netherlands
Institute of Medical Education and Research|USA
Institute of Soil Science and Plant Cultivation|Poland
Instituto Adolfo Lutz|Brazil
Instituto Agronômico de Campinas|Brazil
Instituto Agronômico de Pernambuco|Brazil
Instituto Agronômico do Paraná|Brazil
Instituto Agropolos do Ceará|Brazil
Instituto Autónomo Hospital Universitario de Los Andes|Venezuela
Instituto Biológico de São Paulo|Brazil
Instituto Brasileiro de Geografia e Estatística|Brazil
Instituto Brasileiro de Informação em Ciência e Tecnologia|Brazil
Instituto Brasileiro de Mercado de Capitais|Brazil
Instituto Brasileiro de Oftalmologia e Prevenção da Cegueira|Brazil
Instituto Brasileiro de Oftalmologia|Brazil
Instituto Brasileiro do Meio Ambiente e dos Recursos Naturais Renováveis|Brazil
Instituto Butantan|Brazil
Instituto Capixaba de Pesquisa, Assistência Técnica e Extensão Rural|Brazil
Instituto Centro de Ensino Tecnológico|Brazil
Instituto Chico Mendes de Conservação da Biodiversidade|Brazil
Instituto Dante Pazzanese de Cardiologia|Brazil
Instituto Denton Cooley|Brazil
Instituto Doutor José Frota|Brazil
Instituto Estadual de Cardiologia Aloysio de Castro|Brazil
Instituto Estadual de Diabetes e Endocrinologia Luiz Capriglione|Brazil
Instituto Evandro Chagas|Brazil
Instituto Federal Baiano|Brazil
Instituto Federal Catarinense|Brazil
Instituto Federal Goiano|Brazil
Instituto Federal Sul Rio-Grandense|Brazil
Instituto Federal de Alagoas|Brazil
Instituto Federal de Educação, Ciência e Tecnologia Farroupilha|Brazil
Instituto Federal de Educação, Ciência e Tecnologia Fluminense|Brazil
Instituto Federal de Educação, Ciência e Tecnologia Triângulo Mineiro|Brazil
Instituto Federal de Educação, Ciência e Tecnologia da Bahia|Brazil
Instituto Federal de Educação, Ciência e Tecnologia da Paraíba|Brazil
Instituto Federal de Educação, Ciência e Tecnologia de Brasília|Brazil
Instituto Federal de Educação, Ciência e Tecnologia de Goiás|Brazil
Instituto Federal de Educação, Ciência e Tecnologia de Sergipe|Brazil
Instituto Federal de Educação, Ciência e Tecnologia do Ceará|Brazil
Instituto Federal de Educação, Ciência e Tecnologia do Maranhão|Brazil
Instituto Federal de Educação, Ciência e Tecnologia do Piauí|Brazil
Instituto Federal de Educação, Ciência e Tecnologia do Rio Grande do Norte|Brazil
Instituto Federal de Educação, Ciência e Tecnologia do Rio Grande do Sul|Brazil
Instituto Federal de Educação, Ciência e Tecnologia do Rio de Janeiro|Brazil
Instituto Federal de Mato Grosso do Sul|Brazil
Instituto Federal de Minas Gerais|Brazil
Instituto Federal de Pernambuco|Brazil
Instituto Federal de Rondônia|Brazil
Instituto Federal de Roraima|Brazil
Instituto Federal de Santa Catarina|Brazil
Instituto Federal de São Paulo|Brazil
Instituto Federal do Amapá|Brazil
Instituto Federal do Amazonas|Brazil
Instituto Federal do Espírito Santo|Brazil
Instituto Federal do Mato Grosso|Brazil
Instituto Federal do Norte de Minas Gerais|Brazil
Instituto Federal do Paraná|Brazil
Instituto Federal do Pará|Brazil
Instituto Federal do Sertão de Pernambuco|Brazil
Instituto Federal do Sudeste de Minas Gerais|Brazil
Instituto Federal do Sul de Minas Gerais|Brazil
Instituto Federal do Tocantins|Brazil
Instituto Federal do Triângulo Mineiro|Brazil
Instituto Floresta Viva|Brazil
Instituto Florestal|Brazil
Instituto Fluminense de Saúde Mental|Brazil
Instituto Forestal de Chile|Chile
Instituto Internacional de Ecologia|Brazil
Instituto Israelita de Ensino e Pesquisa Albert Einstein|Brazil
Instituto Latino-Americano das Nações Unidas|Brazil
Instituto Lauro de Souza Lima|Brazil
Instituto Ludwig de Pesquisas sobre o Câncer|Brazil
Instituto Maria Imaculada|Brazil
Instituto Materno Infantil de Pernambuco|Brazil
Instituto Metodista Bennett|Brazil
Instituto Mexicano de Tecnología del Agua|Mexico
Instituto Mexicano del Seguro Social|Mexico
Instituto Militar de Engenharia|Brazil
Instituto Multidisciplinario de Biología Celular|Argentina
Instituto Médico La Floresta|Venezuela
Instituto Nacional de Antropología e Historia|Mexico
Instituto Nacional de Cardiologia|Brazil
Instituto Nacional de Câncer|Brazil
Instituto Nacional de Enfermedades Respiratorias Ismael Cosío Villegas|Mexico
Instituto Nacional de Investigaciones Agrícolas|Venezuela
Instituto Nacional de Investigaciones Forestales, Agrícolas y Pecuarias|Mexico
Instituto Nacional de Investigação Agrária e Veterinária|Portugal
Instituto Nacional de Pesquisas Espaciais|Brazil
Instituto Nacional de Pesquisas da Amazônia|Brazil
Instituto Nacional de Salud Pública|Mexico
Instituto Nacional de Tecnología Agropecuaria|Argentina
Instituto Nacional de Toxicología y Ciencias Forenses|Spain
Instituto Nacional de Traumatologia e Ortopedia|Brazil
Instituto Nacional do Semi-Árido|Brazil
Instituto Nacional do Semiárido|Brazil
Instituto Oceanário de Pernambuco|Brazil
Instituto Pasteur|Brazil
Instituto Politécnico Nacional|Mexico
Instituto Politécnico de Bragança|Portugal
Instituto Politécnico de Castelo Branco|Portugal
Instituto Politécnico de Coimbra|Portugal
Instituto Pró-Universidade Canoense|Brazil
Instituto Sedes Sapientiae|Brazil
Instituto Superior Politécnico José Antonio Echeverría|Cuba
Instituto Superior de Ciencias Medicas de Santiago de Cuba|Cuba
Instituto Superior de Ciencias Médicas Carlos J. Finlay|Cuba
Instituto Tecnológico de Aeronáutica|Brazil
Instituto Terra Brasilis|Brazil
Instituto Universitário de Lisboa|Portugal
Instituto Universitário de Pesquisas do Rio de Janeiro|Brazil
Instituto Venezolano de Investigaciones Científicas|Venezuela
Instituto de Assistência Médica ao Servidor Público Estadual|Brazil
Instituto de Assistência dos Servidores do Estado do Rio de Janeiro|Brazil
Instituto de Botánica Darwinion|Argentina
Instituto de Botânica|Brazil
Instituto de Cardiologia de Santa Catarina|Brazil
Instituto de Cardiologia do Rio Grande do Sul|Brazil
Instituto de Documentación e Información Científica y Tecnológica|Cuba
Instituto de Endocrinologia de Maringá|Brazil
Instituto de Ensino Superior de Rio Verde|Brazil
Instituto de Estudos e Pesquisas do Estado do Amapá|Brazil
Instituto de Hematologia de Feira de Santana|Brazil
Instituto de Infectologia Emílio Ribas|Brazil
Instituto de Investigaciones Agropecuarias|Chile
Instituto de Investigaciones Agropecuarias|Panama
Instituto de Investigaciones Biológicas Clemente Estable|Uruguay
Instituto de Investigaciones Fisicoquímicas Teóricas y Aplicadas|Argentina
Instituto de Medicina Tropical Pedro Kourí|Cuba
Instituto de Nefrologia do Ceará|Brazil
Instituto de Neurologia de Goiânia - Hospital de Especialidades|Brazil
Instituto de Pesca|Brazil
Instituto de Pesquisa Econômica Aplicada|Brazil
Instituto de Pesquisa e Desenvolvimento|Brazil
Instituto de Pesquisa e Estratégia Econômica do Ceará|Brazil
Instituto de Pesquisas Energéticas e Nucleares|Brazil
Instituto de Pesquisas Tecnológicas do Estado de São Paulo|Brazil
Instituto de Previdência dos Servidores do Estado de Minas Gerais|Brazil
Instituto de Puericultura e Pediatria Martagão Gesteira|Brazil
Instituto de Pós-Graduação Médica Carlos Chagas|Brazil
Instituto de Recursos Humanos de Pernambuco|Brazil
Instituto de Tecnologia de Alimentos|Brazil
Instituto de Tecnologia de Pernambuco|Brazil
Instituto de Tecnologia do Paraná|Brazil
Instituto de Zoonosis Luis Pasteur|Argentina
Instituto de Zootecnia|Brazil
Instituto do Coração de Maringá|Brazil
Instituto do Coração de Pernambuco|Brazil
Instituto do Câncer do Ceará|Brazil
Instituto do Câncer do Estado de São Paulo Octavio Frias de Oliveira|Brazil
Instituto do Fígado de Pernambuco|Brazil
Instituto do Milênio do Semi-Árido|Brazil
Instituto do Sono e Eletroneurofisiologia de Maringá|Brazil
Inter-American Development Bank|USA
Inyuvesi YaKwaZulu-Natali|South Africa
Inönü Üniversitesi|Turkey
Iowa State University|USA
Iran University of Science and Technology|Iran
Isfahan University of Medical Sciences|Iran
Isfahan University of Technology|Iran
Islamic Azad University|Iran
Istanbul Arel University|Turkey
Istanbul Bilgi University|Turkey
Istanbul Kultur University|Turkey
Istanbul Technical University|Turkey
Istanbul Ticaret University|Turkey
Istanbul University|Turkey
Istanbul Şehir University|Turkey
Izmir Economic University|Turkey
Izmir Institute of Technology|Turkey
James Cook University|Australia
Jardim Botânico do Rio de Janeiro|Brazil
Jilin University|People's Republic of China
Johannes Kepler Universität|Austria
John Curtin School of Medical Research|Australia
John Radcliffe Hospital|United Kingdom
Johns Hopkins University|USA
Jordan University of Science and Technology|Jordan
Junta de Exportação do Café|Angola
K.N.Toosi University of Technology|Iran
Kadir Has University|Turkey
Kafkas University|Turkey
Kahramanmaras Sütcü Imam University|Turkey
Kansas State University|USA
Karadeniz Technical University|Turkey
Katholieke Universiteit Leuven|Belgium
Keele University|United Kingdom
Kent State University|USA
King Abdulaziz University|Saudi Arabia
King Saud University|Saudi Arabia
King's College London |United Kingdom
Kirikkale University|Turkey
Klinika Capriles|Netherlands
Koc University|Turkey
Kocaeli University|Turkey
L'Ecole Normale Supérieure de Kouba|Algeria
L'Université Nantes Angers Le Mans|France
La Trobe University|Australia
Laboratorio Estatal de Salud Pública|Mexico
Laboratorios Biológicos Farmacéuticos|
Laboratório Central de Saúde Pública|Brazil
Laboratório Municipal de Análises Clínicas de Maringá|Brazil
Laboratório Nacional de Luz Síncrotron|Brazil
Laboratório Weinmann|Brazil
Laboratório de Análises Clínicas Nossa Senhora das Graças|Brazil
Lanzhou University|People's Republic of China
Lehigh University|USA
Leibniz Universität Hannover|Germany
Leiden University Medical Center|Netherlands
Leiden University|Netherlands
Liga Contra o Câncer|Brazil
Linnéuniversitetet|Sweden
Liverpool School of Tropical Medicine|United Kingdom
Lomonosov Moscow State University|Russia
London School of Economics and Political Science|United Kingdom
London School of Hygiene and Tropical Medicine|United Kingdom
Louisiana State University|USA
Loyola University Chicago|USA
Ludwig Maximilians Universität München|Germany
MD Anderson Cancer Center Madrid|Spain
Maastricht University|Netherlands
Macquarie University|Australia
Madurai Kamaraj University|India
Magnesita S.A.|Brazil
Maharana Pratap University of Agriculture and Technology|India
Mahidol University|Thailand
Maltepe University|Turkey
Manipal University|India
Maringá Ferro-Liga|Brazil
Marmara University|Turkey
Mashhad University of Medical Sciences|Iran
Massachusetts Institute of Technology|USA
Maxima Medical Center|Netherlands
Mayo Clinic|USA
McGill University Health Centre|Canada
McGill University|Canada
McMaster University|Canada
Medizinische Universität Graz|Austria
Medizinische Universität Innsbruck|Austria
Medizinische Universität Wien|Austria
Memorial University of Newfoundland|Canada
Mersin University|Turkey
Miami University of Ohio|USA
Miami University|USA
Michigan State University|USA
Michigan Technological University|USA
Middle East Technical University|Turkey
Mimar Sinan University|Turkey
Minister of Food Production|Trinidad Tobago
Minister of State for Agriculture and Food|United Kingdom
Ministerie van Natuurlijke Hulpbronnen|Suriname
Ministerio de Agricultura y Tierras|Venezuela
Ministerio de Agricultura, Ganadería y Pesca|Argentina
Ministerio de Agricultura|Chile
Ministerio de Agricultura|Peru
Ministerio de Asuntos Campesinos y Agropecuarios|Bolivia
Ministerio de Ciencia, Tecnología e Innovación Productiva|Argentina
Ministerio de Educación de Chile|Chile
Ministerio de Ganadería, Agricultura y Pesca|Uruguay
Ministerio de Salud Pública|Cuba
Ministerio de Salud de la Provincia de Buenos Aires|Argentina
Ministerio de Salud y Desarrollo Social|
Ministerio de Sanidad y Asistencia Social|Venezuela
Ministerio de la Salud|Panama
Ministerio de la Salud|Venezuela
Ministry of Agriculture, Forestry and Fisheries|Japan
Ministry of Agriculture|Egypt
Ministry of Agriculture|People's Republic of China
Ministry of Health|Canada
Ministry of Health|Israel
Ministry of Health|People's Republic of China
Ministry of Health|Turkey
Ministério da Agricultura, Pecuária e Abastecimento|Brazil
Ministério da Ciência e Tecnologia|Brazil
Ministério da Ciência, Tecnologia e Inovação|Brazil
Ministério da Educação e Ciência|Brazil
Ministério da Saúde|Angola
Ministério da Saúde|Brazil
Ministério da Saúde|Mozambique
Ministério da Saúde|Portugal
Mississippi State University|USA
Monash Medical Center|Australia
Monash Ultrasound for Women|Australia
Monash University|Australia
Montana State University|USA
Mugla University|Turkey
Museo Argentino de Ciencias Naturales Bernardino Rivadavia|Argentina
Museu Paraense Emílio Goeldi|Brazil
Museu do Ceará|Brazil
Mustafa Kemal University|Turkey
Mustapha Pacha Hospital|Algeria
Muséum national d'Histoire naturelle|France
NHTV Breda University of Applied Sciences|Netherlands
Namik Kemal University|Turkey
Nanjing Medical University|People's Republic of China
Nanjing University|People's Republic of China
Nankai University|People's Republic of China
National Academy of Sciences|Armenia
National Dairy Development Board|Nepal
National Institute of Genetic Engineering and Biotechnology|Iran
Natural History Museum|Netherlands
Netcare Linksfield Hospital|South Africa
Netherlands Cancer Institute|Netherlands
New Mexico State University|USA
New York State Psychiatry Institute|USA
New York University|USA
Nigde University|Turkey
Niger Delta University|Nigeria
Nigeria Institute of Oceanography and Marine Research|Nigeria
Nihon University|Japan
Ningbo University|People's Republic of China
Norges Teknisk-naturvitenskapelige Universitet|Norway
North Carolina State University|USA
North Sichuan Medical College|People's Republic of China
Northeast Normal University|People's Republic of China
Northeastern University China|People's Republic of China
Northern Illinois University|USA
Northwestern University|USA
Não é afiliação
Núcleo de Diagnóstico de Maringá|Brazil
Ohio State University|USA
Oklahoma State University|USA
Onderzoekcentrum B-WARE|Netherlands
Ondokuz Mayis University Samsun|Turkey
Oregon State University|USA
Organización Mundial de la Salud|Argentina
Organización Mundial de la Salud|Chile
Organización Mundial de la Salud|Uruguay
Organização Mundial da Saúde|Brazil
Organizações das Nações Unidas para a Educação, Ciência e Cultura|Brazil
Orthopädisches Spital Speising|Austria
Osmangazi University|Turkey
Otorrinolaringologia Sul-Fluminense|Brazil
Ouargla Hospital|Algeria
Oxford Brookes University|United Kingdom
Oxford College of Engineering|United Kingdom
Oxford Dental College|United Kingdom
Oxford Policy Management|United Kingdom
Oxford University|United Kingdom
Ozyegin University|Turkey
Pamukkale University|Turkey
Paracelsus Medizinische Privatuniversität|Austria
Parque de Desenvolvimento Tecnológico do Ceará|Brazil
Peking University|People's Republic of China
Perdigão Agroindustrial S/A|Brazil
Pesquisa e Conservação do Cerrado|Brazil
Petrobras|Brazil
Policlínico Docente Camilo Torres Restrepo|Cuba
Policlínico Jorge Ruiz Ramírez|Cuba
Policlínico Universitario Francisca Rivero Arocha|Cuba
Policlínico Universitario Luis A Turcios Lima|Cuba
Polish Academy of Sciences|Poland
Pontificia Facoltà Teologica di Sicilia|Italy
Pontificia Universidad Bolivariana|Colombia
Pontificia Universidad Católica Argentina|Argentina
Pontificia Universidad Católica Madre y Maestra|Dominican Rep
Pontificia Universidad Católica de Chile|Chile
Pontificia Universidad Católica de Puerto Rico|Puerto Rico
Pontificia Universidad Católica de Valparaíso|Chile
Pontificia Universidad Católica del Ecuador|Ecuador
Pontificia Universidad Católica del Perú|Peru
Pontificia Universidad Javeriana|Colombia
Pontificia Università Gregoriana|Italy
Pontificia Università Lateranense|Italy
Pontificia Università della Santa Croce|Italy
Pontificio Istituto Biblico|Italy
Pontifícia Faculdade de Teologia Nossa Senhora da Assunção|Brazil
Pontifícia Universidade Católica de Campinas|Brazil
Pontifícia Universidade Católica de Goiás|Brazil
Pontifícia Universidade Católica de Minas Gerais|Brazil
Pontifícia Universidade Católica de São Paulo|Brazil
Pontifícia Universidade Católica do Paraná|Brazil
Pontifícia Universidade Católica do Rio Grande do Sul|Brazil
Pontifícia Universidade Católica do Rio de Janeiro|Brazil
Portland State University|USA
Postgraduate Institute of Medical Education and Research|India
Poznan University of Technology|Poland
Prefeitura Municipal de Montes Claros|Brazil
Prefeitura Municipal de Ponta Grossa|Brazil
Prefeitura Municipal de Viçosa|Brazil
Prefeitura de Belo Horizonte|Brazil
Prefeitura de São Paulo|Brazil
Prefeitura do Município de Maringá|Brazil
Princess Margaret Hospital|Bahamas
Princeton University|USA
Private Universität für Gesundheitswissenschaften, Medizinische Informatik und Technik Tirol|Austria
Pronto-Socorro Cardiológico de Pernambuco|Brazil
Proyecto Chagas Inesfly Bolivia|Bolivia
Purdue University|USA
Pólo Regional de Desenvolvimento Tecnológico dos Agronegócios da Alta Mogiana|Brazil
Quaid-i-Azam University|Pakistan
Queen's University Kingston|Canada
Queensland Centre for Mental Health Research|Australia
Queensland Institute of Medical Research|Australia
Queensland University of Technology|Australia
RMIT University|Australia
Radboud University|Netherlands
Real Hospital Português de Beneficência em Pernambuco|Brazil
Red de Investigación Renal|Spain
Rede Estadual de Educação de Pernambuco|Brazil
Rede SARAH de Hospitais de Reabilitação|Brazil
Renmin University of China|People's Republic of China
Renner Sayerlack S.A|Brazil
Rensselaer Polytechnic Institute|USA
Revista da Escola de Enfermagem da USP|Brazil
Rhodia Poliamida e Especialidades Ltda|Brazil
Rice University|USA
Robert Koch Institut|Germany
Rochester Institute of Technology|USA
Romanian Academy|Romania
Royal Botanic Gardens|United Kingdom
Royal Conservatoire|Netherlands
Royal Melbourne Hospital|Australia
Royal Melbourne Institute of Technology|Australia
Royal Ontario Museum|Canada
Royal Tropical Institute|Netherlands
Russian Academy of Sciences|Russia
Rutgers University|USA
Rutgers, The State University of New Jersey|USA
SVS do Brasil Sementes Ltda.|Brazil
Sabanci University|Turkey
Safak Hospital|Turkey
Saint Louis University|USA
Sakarya University|Turkey
San Diego State University|USA
Sanatorinhos Ação Comunitária de Saúde|Brazil
Sanofi Pasteur|Brazil
Sanofi Pasteur|France
Santa Casa de Misericórdia de Belo Horizonte|Brazil
Santa Casa de Misericórdia de Curitiba|Brazil
Santa Casa de Misericórdia de Limeira|Brazil
Santa Casa de Misericórdia de Londrina|Brazil
Santa Casa de Misericórdia de Maceió|Brazil
Santa Casa de Misericórdia de Mogi das Cruzes|Brazil
Santa Casa de Misericórdia de Pernambuco|Brazil
Santa Casa de Misericórdia de Ponta Grossa|Brazil
Santa Casa de Misericórdia de Porto Alegre|Brazil
Santa Casa de Misericórdia de Santos|Brazil
Santa Casa de Misericórdia de São Carlos|Brazil
Santa Casa de Misericórdia de São Paulo|Brazil
Santa Casa de Misericórdia de Vitória|Brazil
Santa Casa de Misericórdia do Pará|Brazil
Santa Casa de Misericórdia do Rio de Janeiro|Brazil
Sapienza Università di Roma|Italy
Scientific Institute of Public Health|Belgium
Second Military Medical University|People's Republic of China
Secretaria Estadual Da Saúde|Brazil
Secretaria Municipal da Saúde de Ribeirão Preto|Brazil
Secretaria Municipal da Saúde de São Paulo|Brazil
Secretaria Municipal de Educação|Brazil
Secretaria Municipal de Saúde de Belo Horizonte|Brazil
Secretaria Municipal de Saúde de Fortaleza|Brazil
Secretaria Municipal de Saúde de Montes Claros|Brazil
Secretaria Municipal de Saúde de Ponta Grossa|Brazil
Secretaria Municipal de Saúde de Viçosa|Brazil
Secretaria Municipal de Saúde do Rio de Janeiro|Brazil
Secretaria da Agricultura, Pecuária, Irrigação, Reforma Agrária, Pesca e Aquicultura|Brazil
Secretaria da Saúde do Estado de São Paulo|Brazil
Secretaria da Saúde do Estado do Ceará|Brazil
Secretaria da Saúde do Estado do Paraná|Brazil
Secretaria da Saúde do Estado do Rio Grande do Sul|Brazil
Secretaria de Agricultura e Abastecimento do Estado de São Paulo|Brazil
Secretaria de Desenvolvimento Social e Saúde de Sobral|Brazil
Secretaria de Estado da Agricultura e da Pesca|Brazil
Secretaria de Estado de Agricultura, Pecuária e Abastecimento de Minas Gerais|Brazil
Secretaria de Estado de Saúde do Estado do Rio de Janeiro|Brazil
Secretaria de Saúde de Maringá|Brazil
Secretaria de Saúde do Estado de Santa Catarina|Brazil
Secretaria de Saúde do Estado do Ceará|Brazil
Secretaria do Desenvolvimento Agrário do Ceará|Brazil
Secretaría de Salud Distrital de Barranquilla|Colombia
Secretaría de Salud|
Serveis de Salut Integrats Baix Empordà|Spain
Servicio Nacional de Sanidad Agraria|PERU
Servicio Navarro de Salud-Osasunbidea|Spain
Servicio de Salud Atacama|Chile
Servicios Médicos Penitenciarios|Spain
Serviço Nacional de Aprendizagem Industrial|Brazil
Serviço de Nefrologia de Barretos|Brazil
Shaanxi Normal University|People's Republic of China
Shahid Beheshti University of Medical Sciences|Brazil
Shahid Beheshti University|Brazil
Shandong University|People's Republic of China
Shanghai Jiao Tong University|People's Republic of China
Shanghai Jiaotong University|People's Republic of China
Shiraz University of Medical Sciences|Iran
Shiraz University of Technology|Iran
Shiraz University|Iran
Shri Mata Vaishno Devi University|India
Sichuan Agricultural University|People's Republic of China
Sichuan Normal University|People's Republic of China
Sichuan University of Arts and Science|People's Republic of China
Sichuan University of Science and Engineering|People's Republic of China
Sichuan University|People's Republic of China
Simon Fraser University|Canada
Sint Lucas Andreas Ziekenhuis|Netherlands
Sistema Nacional de Laboratórios de Saúde Pública|Brazil
Sistema de Inspeção Federal do Paraná|Brazil
Smithsonian Tropical Research Institute|Panama
Sociedad Española de Nutrición Básica y Aplicada|Spain
Sociedad Española del Dolor|Spain
Sociedad de Cirujanos de Chile|Chile
Sociedade Brasileira de Anestesiologia|Brazil
Sociedade Brasileira de Angiologia e de Cirurgia Vascular|Brazil
Sociedade Brasileira de Cardiologia|Brazil
Sociedade Brasileira de Cirurgia Cardiovascular|Brazil
Sociedade Brasileira de Cirurgia Plástica|Brazil
Sociedade Brasileira de Coloproctologia|Brazil
Sociedade Brasileira de Dermatologia|Brazil
Sociedade Brasileira de Fonoaudiologia|Brazil
Sociedade Brasileira de Pediatria|Brazil
Sociedade Brasileira de Reumatologia|Brazil
Sociedade Educacional Fluminense|Brazil
Sociedade Educacional de Santa Catarina|Brazil
Sociedade Paulista de Infectologia|Brazil
Sociedade Paulista para Desenvolvimento da Medicina|Brazil
Sociedade de Assistência aos Cegos|Brazil
Sociedade de Oftalmologia do Ceará|Brazil
Société Algérienne de Toxicologie|Algeria
South China Normal University|People's Republic of China
Southeast University China|People's Republic of China
Southern Illinois University|USA
Southern Methodist University|USA
Sri Krishnadevaraya University|India
St Vincent's Hospital|Australia
Stanford University|USA
State University of New York|USA
State University of New York |USA
Sun Yat Sen University|People's Republic of China
Superintendência Federal de Agricultura no Estado de Ceará|Brazil
Superintendência Federal de Agricultura no Estado de Goiás|Brazil
Superintendência Federal de Agricultura no Estado do Rio de Janeiro|Brazil
Superintendência Federal de Agricultura, Pecuária e Abastecimento no Estado do Maranhão|Brazil
Superintendência Federal de Agricultura, Pecuária e Abastecimento no Estado do Piauí|Brazil
Superintendência Regional de Ensino de Montes Claros|Brazil
Superintendência Regional do Rio de Janeiro|Brazil
Swedish Medical Center|USA
Swedish University of Agricultural Sciences|Sweden
Sydney West Area Health Service|Australia
Syracuse University|USA
São Leopoldo Mandic|Brazil
TECPUC|Brazil
Tabriz University of Medical Sciences|Iran
Technische Universität Graz|Austria
Technische Universität München|Germany
Technische Universität Wien|Austria
Technischen Universität Berlin|Germany
Tehran University of Medical Sciences|Iran
Temple University|USA
Texas A&M University|USA
Texas Tech University|USA
Texas University|USA
The Catholic University of Korea|South Korea
The City University of New York|Brazil
The Cochrane Collaboration|Bahrain
The Netherlands Commission on Genetic Modification|Netherlands
Thomas Jefferson University|USA
Tianjin University|People's Republic of China
Tilburg University|Netherlands
Tongji University|People's Republic of China
Trakya University|Turkey
Tribunal de Justiça do Estado do Ceará|Brazil
Tsinghua University China|People's Republic of China
Tufts University|USA
Tulane University|Colombia
Tulane University|USA
Turkish Naval Academy|Turkey
Türkisch-Deutsche Universität|Turkey
UT Southwestern Medical Center|USA
Ufuk University|Turkey
Ukurova Üniversitesi Rektörlüğü |Turkey
Uludag University|Turkey
Umeå Universitet|Sweden
Unidad Provincial de Vigilancia y Lucha Antivectorial|Cuba
Unidade Local de Saúde do Alto Minho|Portugal
Unidade de Emergência Doutor Armando Lages|Brazil
Unidade de Ensino Superior do Sul do Maranhão|Brazil
Unidade de Saúde Dr. Antônio Pedreira de A. Martins|Brazil
Unimed Regional Maringá|Brazil
United States Department of Agriculture|Brazil
Unitrabalho|Brazil
Universal Love Foundation|USA
Universal Networking Language|USA
Universidad Abierta Interamericana|Argentina
Universidad Academia de Humanismo Cristiano|Chile
Universidad Adolfo Ibañez|Chile
Universidad Adventista de Bolivia|Bolivia
Universidad Adventista de Chile|Chile
Universidad Adventista del Plata|Argentina
Universidad Agostinho Neto|Angola
Universidad Agraria de La Habana|Cuba
Universidad Alberto Hurtado|Chile
Universidad Alfonso X el Sabio |Spain
Universidad Andina Simón Bolívar del Ecuador|Ecuador
Universidad Andina Simón Bolívar|Bolivia
Universidad Andina del Cusco|Peru
Universidad Andrés Bello|Chile
Universidad Antonio Nariño|Colombia
Universidad Antonio de Nebrija|Spain
Universidad Anáhuac|Mexico
Universidad Arcis|Chile
Universidad Argentina John F. Kennedy|Argentina
Universidad Argentina de La Empresa|Argentina
Universidad Arturo Michelena|Venezuela
Universidad Arturo Prat|Chile
Universidad Atlántida|Argentina
Universidad Austral de Argentina|Argentina
Universidad Austral de Chile|Chile
Universidad Autonoma de Manizales|Colombia
Universidad Autónoma Agraria Antonio Narro|Mexico
Universidad Autónoma Benito Juárez de Oaxaca|Mexico
Universidad Autónoma Chapingo|Mexico
Universidad Autónoma Gabriel René Moreno|Bolivia
Universidad Autónoma Indígena de México|Mexico
Universidad Autónoma Metropolitana|Mexico
Universidad Autónoma de Aguascalienes|Mexico
Universidad Autónoma de Asunción|Paraguay
Universidad Autónoma de Baja California Sur|Mexico
Universidad Autónoma de Baja California|Mexico
Universidad Autónoma de Bucaramanga|Colombia
Universidad Autónoma de Campeche|Mexico
Universidad Autónoma de Centro América|Costa Rica
Universidad Autónoma de Chiapas|Mexico
Universidad Autónoma de Chihuahua|Mexico
Universidad Autónoma de Chile|Chile
Universidad Autónoma de Chiriquí|Panama
Universidad Autónoma de Ciencias Médicas, Dr. Andrés Vesalio Guzmán|Costa Rica
Universidad Autónoma de Ciudad Juárez|Mexico
Universidad Autónoma de Coahuila|Mexico
Universidad Autónoma de Colombia|Colombia
Universidad Autónoma de Entre Ríos|Argentina
Universidad Autónoma de Guadalajara|Mexico
Universidad Autónoma de Guerrero|Mexico
Universidad Autónoma de Madrid|Spain
Universidad Autónoma de Nayarit|Mexico
Universidad Autónoma de Nuevo León|Mexico
Universidad Autónoma de Occidente|Colombia
Universidad Autónoma de Querétaro|Mexico
Universidad Autónoma de San Luis Potosí|Mexico
Universidad Autónoma de Santo Domingo|Dominican Rep
Universidad Autónoma de Sinaloa|Mexico
Universidad Autónoma de Tamaulipas|Mexico
Universidad Autónoma de Tlaxcala|Mexico
Universidad Autónoma de Yucatán|Mexico
Universidad Autónoma de Zacatecas|Mexico
Universidad Autónoma de la Ciudad de México|Mexico
Universidad Autónoma del Carmen|Mexico
Universidad Autónoma del Estado de Hidalgo|Mexico
Universidad Autónoma del Estado de México|Mexico
Universidad Barrio Adentro|Cuba
Universidad Bernardo O'Higgins|Chile
Universidad Bolivariana de Venezuela|Venezuela
Universidad Bolivariana|Chile
Universidad CEU Cardenal Herrera|Spain
Universidad Carlos III de Madrid|Spain
Universidad Católica Andrés Bello|Venezuela
Universidad Católica Boliviana San Pablo|Bolivia
Universidad Católica Cardenal Raúl Silva Henríquez|Chile
Universidad Católica Cecilio Acosta|Venezuela
Universidad Católica Nuestra Señora de la Asunción|Paraguay
Universidad Católica San Antonio de Murcia|Spain
Universidad Católica Silva Henríquez|Chile
Universidad Católica de Córdoba|Argentina
Universidad Católica de Santa Fe|Argentina
Universidad Católica de Temuco|Chile
Universidad Católica de la Santísima Concepción|Chile
Universidad Católica del Maule|Chile
Universidad Católica del Norte|Chile
Universidad Católica del Uruguay|Uruguay
Universidad Central Marta Abreu de las Villas|Cuba
Universidad Central de Venezuela|Venezuela
Universidad Central del Ecuador|Ecuador
Universidad Centroamericana José Simeón Cañas|El Salvador
Universidad Centroccidental Lisandro Alvarado|Venezuela
Universidad Colegio Mayor de Cundinamarca|Colombia
Universidad Complutense de Madrid|Spain
Universidad Cooperativa de Colombia|Colombia
Universidad Diego Portales|Chile
Universidad Dr Rafael Belloso Chacín|Venezuela
Universidad EAFIT|Colombia
Universidad Experimental Pedagógica Libertador|Venezuela
Universidad Finis Terrae|Chile
Universidad Francisco de Aguirre|Chile
Universidad Francisco de Paula Santander|Colombia
Universidad Iberoamericana de León|Mexico
Universidad Industrial de Santander|Colombia
Universidad Jesuita de Guadalajara|Mexico
Universidad José María Vargas|Venezuela
Universidad José Santos Ossa|Chile
Universidad Juárez Autónoma de Tabasco|Mexico
Universidad La República|Chile
Universidad Latina de Costa Rica|Costa Rica
Universidad Latina de Panama|Panama
Universidad Mayor|Chile
Universidad Metropolitana Caracas|Venezuela
Universidad Michoacana de San Nicolás de Hidalgo|Mexico
Universidad Militar Nueva Granada|Colombia
Universidad Nacional Abierta y a Distancia Colombia|Colombia
Universidad Nacional Abierta|Venezuela
Universidad Nacional Agraria La Molina|Peru
Universidad Nacional Agraria de la Selva|Peru
Universidad Nacional Autónoma de México|Mexico
Universidad Nacional Autónomia de Nicaragua|Nicaragua
Universidad Nacional Experimental Politécnica|Venezuela
Universidad Nacional Experimental de los Llanos Centrales Rómulo Gallegos|Venezuela
Universidad Nacional Mayor de San Marcos|Peru
Universidad Nacional de Asunción|Paraguay
Universidad Nacional de Catamarca|Argentina
Universidad Nacional de Colombia|Colombia
Universidad Nacional de Cuyo|Argentina
Universidad Nacional de Córdoba|Argentina
Universidad Nacional de Educación a Distancia|Spain
Universidad Nacional de General Sarmiento|Argentina
Universidad Nacional de Jujuy|Argentina
Universidad Nacional de La Pampa|Argentina
Universidad Nacional de La Patagonia Austra|Argentina
Universidad Nacional de La Plata|Argentina
Universidad Nacional de Luján|Argentina
Universidad Nacional de Mar del Plata|Argentina
Universidad Nacional de Misiones |Argentina
Universidad Nacional de Quilmes|Argentina
Universidad Nacional de Rosario|Argentina
Universidad Nacional de Río Cuarto|Argentina
Universidad Nacional de Río Negro|Argentina
Universidad Nacional de Salta|Argentina
Universidad Nacional de San Luis|Argentina
Universidad Nacional de San Martín|Argentina
Universidad Nacional de Santiago del Estero|Argentina
Universidad Nacional de Tucumán|Argentina
Universidad Nacional del Centro de la Provincia de Buenos Aires|Argentina
Universidad Nacional del Nordeste|Argentina
Universidad Nacional del Sur|Argentina
Universidad Nueva Esparta|Venezuela
Universidad Pablo de Olavide|Spain
Universidad Peruana Cayetano Heredia|Peru
Universidad Politécnica de Madrid|Spain
Universidad Pontificia Comillas|Spain
Universidad Pontificia Salamanca|Spain
Universidad Privada de Santa Cruz de la Sierra|Bolivia
Universidad Privada del Valle|Bolivia
Universidad Pública de Navarra|Spain
Universidad Rey Juan Carlos|Spain
Universidad San Sebastian|Chile
Universidad Santiago de Cali|Colombia
Universidad Santo Tomás|Chile
Universidad Simón Bolívar Venezuela|Venezuela
Universidad Simón Bolívar|Colombia
Universidad Tecnologica Vicente Perez Rosales|Chile
Universidad Tecnológica Equinoccial|Ecuador
Universidad Tecnológica Nacional|Argentina
Universidad Valle del Momboy|Venezuela
Universidad de Alcalá|Spain
Universidad de Alicante|Spain
Universidad de Antioquia|Colombia
Universidad de Antofagasta|Chile
Universidad de Atacama|Chile
Universidad de Belgrano|Argentina
Universidad de Bogotá Jorge Tadeo Lozano|Colombia
Universidad de Buenos Aires|Argentina
Universidad de Carabobo|Venezuela
Universidad de Cartagena|Venezuela
Universidad de Castilla-La Mancha|Spain
Universidad de Chile|Chile
Universidad de Ciego de Ávila|Cuba
Universidad de Ciencias Aplicadas y Ambientales|Colombia
Universidad de Ciencias Médicas Carlos J. Finlay|Cuba
Universidad de Ciencias Médicas de Camagüey|Cuba
Universidad de Ciencias Médicas de Matanzas|Cuba
Universidad de Ciencias Médicas de las FARC|Cuba
Universidad de Ciencias Pedagógicas José Martí|Cuba
Universidad de Concepción|Chile
Universidad de Costa Rica|Costa Rica
Universidad de Cádiz|Spain
Universidad de Córdoba|Colombia
Universidad de Córdoba|Spain
Universidad de Extremadura|Spain
Universidad de Granada|Spain
Universidad de Guadalajara|Mexico
Universidad de Guayaquil|Ecuador
Universidad de Huelva|Spain
Universidad de La Frontera|Chile
Universidad de La Habana|Cuba
Universidad de Las Palmas de Gran Canaria|Spain
Universidad de León|Spain
Universidad de Los Andes|Chile
Universidad de Los Andes|Colombia
Universidad de Los Lagos|Chile
Universidad de Margarita|Venezuela
Universidad de Murcia|Spain
Universidad de Navarra|Spain
Universidad de Oriente|Venezuela
Universidad de Oviedo|Spain
Universidad de Playa Ancha de Ciencias de la Educación|Chile
Universidad de Puerto Rico|Puerto Rico
Universidad de Salamanca|Spain
Universidad de San Andrés|Chile
Universidad de San Carlos de Guatemala|Guatemala
Universidad de Santander|Colombia
Universidad de Santiago de Chile|Chile
Universidad de Santiago de Compostela|Spain
Universidad de Sevilla|Spain
Universidad de Talca|Chile
Universidad de Tarapacá|Chile
Universidad de Valparaíso|Chile
Universidad de Viña del Mar|Chile
Universidad de Zaragoza|Spain
Universidad de la Ciudad de México|Mexico
Universidad de la República|Uruguay
Universidad de las Ciencias Informáticas|Cuba
Universidad de las Ciencias de la Cultura Física y el Deporte Manuel Fajardo|Cuba
Universidad de los Andes|Venezuela
Universidad del Atlántico|Colombia
Universidad del Bío-Bío|Chile
Universidad del Cauca|Colombia
Universidad del Norte|Colombia
Universidad del País Vasco|Spain
Universidad del Salvador|Argentina
Universidad del Valle de Guatemala|Guatemala
Universidad del Valle|Colombia
Universidad del Zulia|Venezuela
Universidade 11 de Novembro|Angola
Universidade Aberta|Portugal
Universidade Agostinho Neto|Angola
Universidade Anhanguera Uniderp|Brazil
Universidade Anhanguera|Brazil
Universidade Anhembi-Morumbi|Brazil
Universidade Atlântica|Portugal
Universidade Autónoma de Lisboa|Portugal
Universidade Bandeirante de São Paulo|Brazil
Universidade Camilo Castelo Branco |Brazil
Universidade Candido Mendes|Brazil
Universidade Castelo Branco|Brazil
Universidade Católica Dom Bosco|Brazil
Universidade Católica Portuguesa|Portugal
Universidade Católica de Angola|Angola
Universidade Católica de Brasília|Brazil
Universidade Católica de Pelotas|Brazil
Universidade Católica de Pernambuco|Brazil
Universidade Católica de Santos|Brazil
Universidade Católica do Salvador|Brazil
Universidade Cidade de São Paulo|Brazil
Universidade Cruzeiro do Sul|Brazil
Universidade Estadual Paulista|Brazil
Universidade Estadual Vale do Acaraú|Brazil
Universidade Estadual da Alagoas|Brazil
Universidade Estadual da Paraíba|Brazil
Universidade Estadual de Campinas|Brazil
Universidade Estadual de Ciências da Saúde de Alagoas|Brazil
Universidade Estadual de Feira de Santana|Brazil
Universidade Estadual de Goiás|Brazil
Universidade Estadual de Londrina |Brazil
Universidade Estadual de Maringá|Brazil
Universidade Estadual de Mato Grosso do Sul|Brazil
Universidade Estadual de Montes Claros|Brazil
Universidade Estadual de Ponta Grossa|Brazil
Universidade Estadual de Santa Cruz|Brazil
Universidade Estadual do Amazonas|Brazil
Universidade Estadual do Ceará|Brazil
Universidade Estadual do Centro-Oeste|Brazil
Universidade Estadual do Maranhão|Brazil
Universidade Estadual do Norte Fluminense|Brazil
Universidade Estadual do Norte do Paraná|Brazil
Universidade Estadual do Oeste do Paraná|Brazil
Universidade Estadual do Paraná|Brazil
Universidade Estadual do Piauí|Brazil
Universidade Estadual do Rio Grande do Sul|Brazil
Universidade Estadual do Sudoeste da Bahia|Brazil
Universidade Estácio de Sá|Brazil
Universidade Federal Fluminense|Brazil
Universidade Federal Rural da Amazônia|Brazil
Universidade Federal Rural de Pernambuco|Brazil
Universidade Federal Rural do Rio de Janeiro|Brazil
Universidade Federal Rural do Semi-Árido|Brazil
Universidade Federal da Bahia|Brazil
Universidade Federal da Fronteira Sul|Brazil
Universidade Federal da Fronteira do Sul|Brazil
Universidade Federal da Grande Dourados|Brazil
Universidade Federal da Integração Internacional da Lusofonia Afro-Brasileira|Brazil
Universidade Federal da Paraíba|Brazil
Universidade Federal de Alagoas|Brazil
Universidade Federal de Alfenas|Brazil
Universidade Federal de Campina Grande|Brazil
Universidade Federal de Ciências da Saúde de Porto Alegre|Brazil
Universidade Federal de Goiás|Brazil
Universidade Federal de Itajubá|Brazil
Universidade Federal de Juiz de Fora|Brazil
Universidade Federal de Lavras|Brazil
Universidade Federal de Minas Gerais|Brazil
Universidade Federal de Ouro Preto|Brazil
Universidade Federal de Pelotas|Brazil
Universidade Federal de Pernambuco|Brazil
Universidade Federal de Rio Verde|Brazil
Universidade Federal de Rondônia|Brazil
Universidade Federal de Roraima|Brazil
Universidade Federal de Santa Catarina|Brazil
Universidade Federal de Santa Maria|Brazil
Universidade Federal de Sergipe|Brazil
Universidade Federal de São Carlos|Brazil
Universidade Federal de São João del Rei|Brazil
Universidade Federal de São Paulo|Brazil
Universidade Federal de Uberlândia|Brazil
Universidade Federal de Viçosa|Brazil
Universidade Federal do ABC|Brazil
Universidade Federal do Acre|Brazil
Universidade Federal do Amapá|Brazil
Universidade Federal do Amazonas|Brazil
Universidade Federal do Ceará|Brazil
Universidade Federal do Espírito Santo|Brazil
Universidade Federal do Estado do Rio de Janeiro|Brazil
Universidade Federal do Maranhão|Brazil
Universidade Federal do Mato Grosso do Sul|Brazil
Universidade Federal do Mato Grosso|Brazil
Universidade Federal do Oeste da Bahia|Brazil
Universidade Federal do Oeste do Pará|Brazil
Universidade Federal do Pampa|Brazil
Universidade Federal do Paraná|Brazil
Universidade Federal do Pará|Brazil
Universidade Federal do Piauí|Brazil
Universidade Federal do Recôncavo Baiano|Brazil
Universidade Federal do Rio Grande do Norte|Brazil
Universidade Federal do Rio Grande do Sul|Brazil
Universidade Federal do Rio Grande|Brazil
Universidade Federal do Rio de Janeiro|Brazil
Universidade Federal do Tocantins|Brazil
Universidade Federal do Triângulo Mineiro|Brazil
Universidade Federal do Vale do São Francisco|Brazil
Universidade Federal dos Vales do Jequitinhonha e Mucuri|Brazil
Universidade Feevale|Brazil
Universidade Fernando Pessoa|Portugal
Universidade Gama Filho|Brazil
Universidade Guarulhos|Brazil
Universidade José Eduardo dos Santos|Angola
Universidade José do Rosário Vellano|Brazil
Universidade Lusófona de Humanidades e Tecnologias|Brazil
Universidade Lusófona de Lisboa|Portugal
Universidade Lusófona do Porto|Portugal
Universidade Luterana do Brasil|Brazil
Universidade Metodista de Angola|Angola
Universidade Metodista de Piracicaba|Brazil
Universidade Metodista de São Paulo|Brazil
Universidade Metropolitana de Santos|Brazil
Universidade Municipal de São Caetano do Sul|Brazil
Universidade Nilton Lins|Brazil
Universidade Norte do Paraná|Brazil
Universidade Nova de Lisboa|Portugal
Universidade Nove de Julho|Brazil
Universidade Paranaense|Brazil
Universidade Paulista|Brazil
Universidade Positivo|Brazil
Universidade Presbiteriana Mackenzie|Brazil
Universidade Presidente Antônio Carlos|Brazil
Universidade Regional Integrada do Alto do Uruguai e das Missões|Brazil
Universidade Regional de Blumenau|Brazil
Universidade Regional do Cariri|Brazil
Universidade Regional do Noroeste do Estado do Rio Grande do Sul|Brazil
Universidade Regional do Rio Grande do Norte|Brazil
Universidade Rural da Campanha|Brazil
Universidade Sagrado Coração|Brazil
Universidade Salgado de Oliveira|Brazil
Universidade Santa Cecília|Brazil
Universidade São Francisco|Brazil
Universidade São Judas Tadeu|Brazil
Universidade São Marcos|Brazil
Universidade Tecnológica Federal do Paraná|Brazil
Universidade Tuiuti do Paraná|Brazil
Universidade Técnica de Lisboa|Portugal
Universidade Vale do Rio Doce|Brazil
Universidade Vale do Rio Verde|Brazil
Universidade Veiga de Almeida|Brazil
Universidade Vila Velha|Brazil
Universidade da Amazônia|Brazil
Universidade da Beira Interior|Portugal
Universidade da Coruña|Spain
Universidade da Integração Internacional da Lusofonia Afro-Brasileira|Brazil
Universidade da Madeira|Portugal
Universidade da Região da Campanha|Brazil
Universidade da Região de Joinville|Brazil
Universidade de Alfenas|Brazil
Universidade de Aveiro|Portugal
Universidade de Brasília|Brazil
Universidade de Caxias do Sul|Brazil
Universidade de Coimbra|Portugal
Universidade de Cruz Alta|Brazil
Universidade de Cuiabá|Brazil
Universidade de Ensino Superior do Vale do Sapucaí|Brazil
Universidade de Fortaleza|Brazil
Universidade de Franca|Brazil
Universidade de Lisboa|Portugal
Universidade de Marília|Brazil
Universidade de Mogi das Cruzes|Brazil
Universidade de Passo Fundo|Brazil
Universidade de Pernambuco|Brazil
Universidade de Ribeirão Preto|Brazil
Universidade de Rio Verde|Brazil
Universidade de Santa Cruz do Sul|Brazil
Universidade de Santo Amaro|Brazil
Universidade de São Paulo|Brazil
Universidade de Taubaté|Brazil
Universidade de Tras os Montes e Alto Douro|Portugal
Universidade de Vigo|Spain
Universidade de Évora|Portugal
Universidade do Algarve|Portugal
Universidade do Estado da Bahia|Brazil
Universidade do Estado de Mato Grosso|Brazil
Universidade do Estado de Minas Gerais|Brazil
Universidade do Estado de Santa Catarina|Brazil
Universidade do Estado do Amazonas|Brazil
Universidade do Estado do Pará|Brazil
Universidade do Estado do Rio Grande do Norte|Brazil
Universidade do Estado do Rio de Janeiro|Brazil
Universidade do Extremo Sul Catarinense|Brazil
Universidade do Grande ABC|Brazil
Universidade do Minho|Portugal
Universidade do Oeste Paulista|Brazil
Universidade do Oeste de Santa Catarina|Brazil
Universidade do Planalto Catarinense|Brazil
Universidade do Porto|Portugal
Universidade do Sul de Santa Catarina|Brazil
Universidade do Vale do Itajaí|Brazil
Universidade do Vale do Paraíba|Brazil
Universidade do Vale do Rio dos Sinos|Brazil
Universidade do Vale do Sapucaí|Brazil
Universidade dos Açores|Portugal
Universidade para o Desenvolvimento do Estado e da Região do Pantanal|Brazil
Universidade Óscar Ribas|Angola
Universidades Lusíada de Famalicão|Portugal
Universidades Lusíada de Lisboa|Portugal
Universidades Lusíada do Porto|Portugal
Universitat Autònoma de Barcelona|Spain
Universitat Politècnica de València|Spain
Universitat de Barcelona|Spain
Universitat de València|Spain
Universitatea Aurel Vlaicu din Arad|Romania
Universiteit Antwerpen|Belgium
Universiteit Gent|Belgium
Universiteit Stellenbosch|South Africa
Universitetet i Bergen|Norway
Universiti Kebangsaan Malaysia|Malaysia
Universiti Sains Malaysia|Malaysia
University College London|United Kingdom
University Medical Center Groningen|Netherlands
University Medical Center Utrecht|Netherlands
University at Albany|USA
University at Buffalo|USA
University of Aberdeen|Scotland
University of Adelaide|Australia
University of Alabama at Birmingham|USA
University of Alabama|USA
University of Alberta|Canada
University of Amsterdam|Netherlands
University of Applied Sciences Leiden|Netherlands
University of Applied Sciences Utrecht|Netherlands
University of Arizona|USA
University of Arkansas for Medical Sciences|USA
University of Arkansas|USA
University of Basrah|Iraq
University of British Columbia|Canada
University of Calgary|Canada
University of California|USA
University of Cambridge|United Kingdom
University of Cape Town|South Africa
University of Central Arkansas|USA
University of Central Florida|USA
University of Chicago|USA
University of Cincinnati|USA
University of Colorado Boulder|USA
University of Connecticut|USA
University of Delaware|USA
University of East Anglia|United Kingdom
University of Florida|USA
University of Georgia|USA
University of Groningen|Netherlands
University of Guelph|Canada
University of Houston|USA
University of Huddersfiel|United Kingdom
University of Ibadan|Nigeria
University of Idaho|USA
University of Illinois Chicago|USA
University of Iowa|USA
University of Isfahan|Iran
University of Kansas|USA
University of Kentucky|USA
University of Leiden|Netherlands
University of London|United Kingdom
University of Louisville|USA
University of Malaya|Malaysia
University of Manitoba|Canada
University of Maryland|USA
University of Massachusetts Amherst|USA
University of Massachusetts Medical School at Worcester|USA
University of Melbourne|Australia
University of Miami|USA
University of Michigan|USA
University of Minnesota|USA
University of Mississippi|USA
University of Missouri-Columbia|USA
University of Missouri-Kansas City|USA
University of Nebraska Lincoln|USA
University of Nevada|USA
University of New Hampshire|USA
University of New Mexico|USA
University of New South Wales|Australia
University of Newcastle|Australia
University of North Carolina Chapel Hill|USA
University of North Texas|USA
University of Northern Colorado|USA
University of Notre Dame|USA
University of Oklahoma|USA
University of Oregon|USA
University of Ottawa|Canada
University of Pennsylvania|USA
University of Pittsburgh|USA
University of Prince Edward Island|Canada
University of Queensland|Australia
University of Rhode Island|USA
University of Rochester|USA
University of Saskatchewan|Canada
University of Science & Technology of China|People's Republic of China
University of South Alabama|USA
University of South Australia|Australia
University of South Carolina|USA
University of South Florida|USA
University of Southern California|USA
University of Sydney|Australia
University of Tabriz|Iran
University of Tasmania|Australia
University of Technology of Sydney|Australia
University of Tehran|Iran
University of Tennessee Knoxville|USA
University of Texas Medical Branch|USA
University of Texas|USA
University of Toronto|Canada
University of Twente|Netherlands
University of Utah|USA
University of Vermont|USA
University of Victoria British Columbia|Canada
University of Virginia|USA
University of Washington|USA
University of Waterloo|Canada
University of Western Australia|Australia
University of Western Ontario|Canada
University of Western Sydney|Australia
University of Wisconsin Madison|USA
University of Wisconsin Milwaukee|USA
University of Wollongong|Australia
Università Ca' Foscari Venezia|Italy
Università Campus Bio-Medico di Roma|Italy
Università Cattolica del Sacro Cuore|Italy
Università Pontificia Salesiana|Italy
Università degli Studi Roma Tre|Italy
Università degli Studi di Bari Aldo Moro|Italy
Università degli Studi di Milano|Italy
Università di Bologna|Italy
Universität Basel|Switzerland
Universität Bern|Switzerland
Universität Graz|Austria
Universität Innsbruck|Austria
Universität Linz|Austria
Universität Salzburg|Austria
Universität Wien|Austria
Universität Zürich|Switzerland
Universität des Saarlandes|Germany
Universität für Angewandte Kunst Wien|Austria
Universität für Bodenkultur Wien|Austria
Universität für Bodenkultur|Austria
Universität zu Köln|Germany
Université Abou Bekr Belkaid Tlemcen|Algeria
Université Badji Mokhtar |Algeria
Université Constantine|Algeria
Université Djillali Liabes|Algeria
Université Européenne de Bretagne|France
Université Ferhat Abbas Sétif|Algeria
Université Ibn Khaldoun Tiaret|Algeria
Université Kasdi Merbah Ouargla|Algeria
Université Laval|Canada
Université Libre de Bruxelles|Belgium
Université Louis Pasteur|France
Université M'Hamed Bougara Boumerdès|Algeria
Université Mascara|Algeria
Université Mentouri-Constantine|Algeria
Université Paris 1 Panthéon-Sorbonne|France
Université Paris 13|France
Université Paris 8|France
Université Paris Descartes|France
Université Paris Diderot-Paris 7|France
Université Paris-Sorbonne 5|France
Université Paris-Sud 11|France
Université Paul Sabatier Toulouse III|France
Université Pierre et Marie Curie|France
Université Ziane Achour Djelfa|Algeria
Université catholique de Louvain|France
Université d'Aix-Marseille|France
Université d'Alger|Algeria
Université d'Oran|Algeria
Université de Geneve|Switzerland
Université de Jijel|Algeria
Université de Lausanne|Switzerland
Université de Liège|Belgium
Université de Montréal|Canada
Université de Médéa|Algeria
Université de Sherbrooke|Canada
Université de Strasbourg|France
Université des Sciences et de la technologie Houari Boumediene|Algeria
Université du Québec Montréal|Canada
União de Ensino Superior de Viçosa|Brazil
Urmia University|Iran
Utah State University|USA
Utrecht University|Netherlands
VOT Imagem|Brazil
VU University Medical Center Amasterdam|Netherlands
Vanderbilt University|USA
Veterinärmedizinische Universität Wien|Austria
Victoria University of Wellington|New Zealand
Virginia Commonwealth University|USA
Virginia Polytechnic Institute and State University|USA
Vrije Universiteit Brussel|Belgium
Vrije University|Netherlands
Wageningen Institute of Animal Sciences|Netherlands
Wageningen University|Netherlands
Wake Forest University|USA
Washington State University Pullman|USA
Washington University Saint Louis|USA
Washington University in St. Louis|USA
Wayne State University|USA
West Virginia University|USA
Western Sydney Local Health District|Australia
Westfälische Wilhelms-Universität Münster|Germany
Wilhelmina Children's Hospital|Netherlands
Women & Children's Hospital of Buffalo|USA
World Health Organization|Congo
World Health Organization|Denmark
World Health Organization|Egypt
World Health Organization|India
World Health Organization|Norway
World Health Organization|Switzerland
World Health Organization|USA
Wright State University|USA
Wuhan University|People's Republic of China
Xi'An Jiaotong University|People's Republic of China
Xiamen University|People's Republic of China
Xinxiang Medical University|People's Republic of China
Yale University|USA
Yalova University|Turkey
Yasar University|Turkey
Yeditepe University|Turkey
Yerevan State University|Armenia
Yildirim Beyazit University|Turkey
Yildiz Technical University|Turkey
York St John University|United Kingdom
York University|Canada
Yunnan University|People's Republic of China
Yüzüncü Yıl University|Turkey
Zhejiang University|People's Republic of China
Zonguldak Karaelmas University|Turkey
Zuyd University of Applied Sciences|Netherlands
afiliacao_normalizada
undefined|Brazil
École Nationale Polytechnique|Algeria
École Polytechnique Fédérale de Lausanne|Switzerland
École Polytechnique ParisTech|France
École Polytechnique|France
﻿Universidad Autónoma de Santo Domingoafiliacao_normalizada
